date,collection_time,inoculate_sample_type_saved,experimental_day,star_ID,species,experiment_numbe,experiment_ name,treatment,coelomocyte_ID_PSC,coelomocyte_supernatant_ID_PSCS,coelomic_fluid_smear_PSSM_1,coelomic_fluid_smear_PSSM_2,coelomic_fluid_ID_PSCF_or_other_A,coelomic_fluid_ID_PSCF_or_other_B,approx_ul_CF_in_PSCF_A,approx_ul_CF_in_PSCF_B,tube_feet_ID_PST,number_arms_dropped,arm_whirl_pak,wasting_score,disease_sign,notes
20230702,12:55,22ECF,0,L,pycnopodia_helianthoides,1,FHW,22ERCF,NA,NA,NA,NA,IN_FHW_22ECF,NA,750,NA,NA,0,NA,1,a few arms twist,3x 750ul sampes stored in 750ul DNA/RNA Shield; in -80C by 14:35
20230702,12:55,ERCF,0,L,pycnopodia_helianthoides,1,FHW,ERCF,NA,NA,NA,NA,IN_FHW_ERCF,NA,750,NA,NA,0,NA,1,a few arms twist,3x 750ul sampes stored in 750ul DNA/RNA Shield; 3x 1mL sample frozen; in -80C by 14:35
20230702,12:55,HKCF,0,L,pycnopodia_helianthoides,1,FHW,HKCF,NA,NA,NA,NA,IN_FHW_HKCF,NA,750,NA,NA,0,NA,1,a few arms twist,3x 750ul sampes stored in 750ul DNA/RNA Shield; in -80C by 14:35
20230702,,NA,0,1_56_ERCF,pycnopodia_helianthoides,1,FHW,ERCF,239,1,NA,NA,NA,NA,NA,NA,NA,0,NA,0,NA,in -80C by 11:55a
20230702,,NA,0,NA,NA,1,FHW,,240,NA,NA,NA,NA,NA,NA,NA,NA,NA,NA,NA,NA,"tube dropped in water table, discarded and moved onto PSC 241"
20230702,,NA,0,1_7_ERCF,pycnopodia_helianthoides,1,FHW,ERCF,241,2,NA,NA,NA,NA,NA,NA,NA,0,NA,0,NA,in -80C by 11:55a
20230702,,NA,0,2_66_ERCF,pycnopodia_helianthoides,1,FHW,ERCF,242,3,NA,NA,NA,NA,NA,NA,NA,0,NA,0,NA,in -80C by 11:55a
20230702,,NA,0,2_5_ERCF,pycnopodia_helianthoides,1,FHW,ERCF,243,4,NA,NA,NA,NA,NA,NA,NA,0,NA,0,NA,in -80C by 11:55a
20230702,,NA,0,3_33_ERCF,pycnopodia_helianthoides,1,FHW,ERCF,244,5,NA,NA,NA,NA,NA,NA,NA,0,NA,0,NA,in -80C by 11:55a
20230702,,NA,0,3_51_ERCF,pycnopodia_helianthoides,1,FHW,ERCF,245,6,NA,NA,NA,NA,NA,NA,NA,0,NA,0,NA,in -80C by 11:55a
20230702,,NA,0,4_64_ERCF,pycnopodia_helianthoides,1,FHW,ERCF,246,7,NA,NA,NA,NA,NA,NA,NA,0,NA,0,NA,in -80C by 11:55a
20230702,,NA,0,4_32_ERCF,pycnopodia_helianthoides,1,FHW,ERCF,247,8,NA,NA,NA,NA,NA,NA,NA,0,NA,0,NA,in -80C by 11:55a
20230702,,NA,0,5_3_ERCF,pycnopodia_helianthoides,1,FHW,ERCF,248,9,NA,NA,NA,NA,NA,NA,NA,0,NA,0,NA,in -80C by 11:55a
20230702,,NA,0,5_62_ERCF,pycnopodia_helianthoides,1,FHW,22ERCF,249,10,NA,NA,NA,NA,NA,NA,NA,0,NA,0,NA,in -80C by 11:55a
20230702,,NA,0,6_20_22ECF,pycnopodia_helianthoides,1,FHW,22ERCF,250,11,NA,NA,NA,NA,NA,NA,NA,0,NA,0,NA,in -80C by 11:55a
20230702,,NA,0,6_54_22ERCF,pycnopodia_helianthoides,1,FHW,22ERCF,251,12,NA,NA,NA,NA,NA,NA,NA,0,NA,0,NA,in -80C by 11:55a
20230702,,NA,0,7_74_22ERCF,pycnopodia_helianthoides,1,FHW,22ERCF,252,13,NA,NA,NA,NA,NA,NA,NA,0,NA,0,NA,in -80C by 11:55a
20230702,,NA,0,7_15_22ERCF,pycnopodia_helianthoides,1,FHW,22ERCF,253,14,NA,NA,NA,NA,NA,NA,NA,0,NA,0,NA,in -80C by 11:55a
20230702,,NA,0,8_25_22ERCF,pycnopodia_helianthoides,1,FHW,22ERCF,254,15,NA,NA,NA,NA,NA,NA,NA,0,NA,0,NA,in -80C by 11:55a
20230702,,NA,0,8_52_22ERCF,pycnopodia_helianthoides,1,FHW,22ERCF,255,16,NA,NA,NA,NA,NA,NA,NA,0,NA,0,NA,in -80C by 11:55a
20230702,,NA,0,9_30_22ERCF,pycnopodia_helianthoides,1,FHW,22ERCF,256,17,NA,NA,NA,NA,NA,NA,NA,0,NA,0,NA,in -80C by 11:55a
20230702,,NA,0,9_41_22ERCF,pycnopodia_helianthoides,1,FHW,22ERCF,257,18,NA,NA,NA,NA,NA,NA,NA,0,NA,0,NA,in -80C by 11:55a
20230702,,NA,0,10_49_22ERCF,pycnopodia_helianthoides,1,FHW,22ERCF,258,19,NA,NA,NA,NA,NA,NA,NA,0,NA,0,NA,in -80C by 11:55a
20230702,,NA,0,10_9_22ERCF,pycnopodia_helianthoides,1,FHW,HKCF,259,20,NA,NA,NA,NA,NA,NA,NA,0,NA,0,NA,in -80C by 11:55a
20230702,,NA,0,11_10_HKCF,pycnopodia_helianthoides,1,FHW,HKCF,260,21,NA,NA,NA,NA,NA,NA,NA,0,NA,0,NA,in -80C by 11:55a
20230702,,NA,0,11_59_HKCF,pycnopodia_helianthoides,1,FHW,HKCF,261,22,NA,NA,NA,NA,NA,NA,NA,0,NA,0,NA,in -80C by 11:55a
20230702,,NA,0,12_53_HKCF,pycnopodia_helianthoides,1,FHW,HKCF,262,23,NA,NA,NA,NA,NA,NA,NA,0,NA,0,NA,in -80C by 11:55a
20230702,,NA,0,12_38_HKCF,pycnopodia_helianthoides,1,FHW,HKCF,263,24,NA,NA,NA,NA,NA,NA,NA,0,NA,0,NA,in -80C by 11:55a
20230702,,NA,0,13_34_HKCF,pycnopodia_helianthoides,1,FHW,HKCF,264,25,NA,NA,NA,NA,NA,NA,NA,0,NA,0,NA,in -80C by 11:55a
20230702,,NA,0,13_46_HKCF,pycnopodia_helianthoides,1,FHW,HKCF,265,26,NA,NA,NA,NA,NA,NA,NA,0,NA,0,NA,in -80C by 11:55a
20230702,,NA,0,14_31_HKCF,pycnopodia_helianthoides,1,FHW,HKCF,266,27,NA,NA,NA,NA,NA,NA,NA,0,NA,0,NA,in -80C by 11:55a
20230702,,NA,0,14_50_HKCF,pycnopodia_helianthoides,1,FHW,HKCF,267,28,NA,NA,NA,NA,NA,NA,NA,0,NA,0,NA,in -80C by 11:55a
20230702,,NA,0,15_60_HKCF,pycnopodia_helianthoides,1,FHW,HKCF,268,29,NA,NA,NA,NA,NA,NA,NA,0,NA,0,NA,in -80C by 11:55a
20230702,,NA,0,15_40_HKCF,pycnopodia_helianthoides,1,FHW,HKCF,269,30,NA,NA,NA,NA,NA,NA,NA,0,NA,0,NA,in -80C by 11:55a
20230706,17:23,NA,5,14_50_HKCF,pycnopodia_helianthoides,1,FHW,HKCF,270,31,NA,NA,NA,NA,NA,NA,NA,0,NA,0,NA,in -80C by 17:38
20230706,17:28,NA,5,4_64_ERCF,pycnopodia_helianthoides,1,FHW,ERCF,271,32,NA,NA,NA,NA,NA,NA,NA,0,NA,2,25% twist,in -80C by 17:38
20230707,10:52,NA,6,11_10_HKCF,pycnopodia_helianthoides,1,FHW,HKCF,272,33,NA,NA,NA,NA,NA,NA,NA,0,NA,0,NA,in -80C by 11:25am
20230707,10:57,NA,6,1_7_ERCF,pycnopodia_helianthoides,1,FHW,ERCF,273,34,NA,NA,NA,NA,NA,NA,NA,0,NA,2,25% twist,in -80C by 11:25am
20230707,1617,NA,6,12_53_HKCF,pycnopodia_helianthoides,1,FHW,HKCF,274,35,NA,NA,NA,NA,NA,NA,NA,0,NA,0,NA,in -80C by 16:30
20230707,1621,NA,6,2_66_ERCF,pycnopodia_helianthoides,1,FHW,ERCF,275,36,NA,NA,NA,NA,NA,NA,NA,0,NA,2,25% twist,in -80C by 16:30; got barely 10ul ... probably less; sample was orange-y
20230708,1012,NA,7,12_38_HKCF,pycnopodia_helianthoides,1,FHW,HKCF,276,37,NA,NA,NA,NA,NA,NA,NA,0,NA,0,NA,in - 80C by 10:32
20230708,1012,NA,7,2_5_ERCF,pycnopodia_helianthoides,1,FHW,ERCF,277,38,NA,NA,NA,NA,NA,NA,NA,0,NA,2,25% twist,in - 80C by 10:32
20230708,16:50,NA,7,15_60_HKCF,pycnopodia_helianthoides,1,FHW,HKCF,278,39,NA,NA,NA,NA,NA,NA,NA,0,NA,0,NA,IN -80C BY 17;15
20230708,16:58,NA,7,5_62_ERCF,pycnopodia_helianthoides,1,FHW,ERCF,279,40,NA,NA,NA,NA,NA,NA,NA,0,NA,2,25% twist,IN -80C BY 17;15
20230709,10:14,NA,8,11_10_HKCF,pycnopodia_helianthoides,1,FHW,HKCF,280,41,NA,NA,NA,NA,NA,NA,NA,0,NA,0,NA,in -80C by 11:15am
20230709,10:28,NA,8,12_38_HKCF,pycnopodia_helianthoides,1,FHW,HKCF,281,42,NA,NA,NA,NA,NA,NA,NA,0,NA,0,NA,in -80C by 11:15am
20230709,10:36,NA,8,13_46_HKCF,pycnopodia_helianthoides,1,FHW,HKCF,282,43,NA,NA,NA,NA,NA,NA,NA,0,NA,0,NA,in -80C by 11:15am
20230709,10:42,NA,8,14_50_HKCF,pycnopodia_helianthoides,1,FHW,HKCF,283,44,NA,NA,NA,NA,NA,NA,NA,0,NA,0,NA,in -80C by 11:15am
20230709,10:47,NA,8,14_31_HKCF,pycnopodia_helianthoides,1,FHW,HKCF,284,45,NA,NA,NA,NA,NA,NA,NA,0,NA,0,NA,in -80C by 11:15am
20230709,10:53,NA,8,15_60_HKCF,pycnopodia_helianthoides,1,FHW,HKCF,285,46,NA,NA,NA,NA,NA,NA,NA,0,NA,0,NA,in -80C by 11:15am
20230709,10:14,NA,8,1_7_ERCF,pycnopodia_helianthoides,1,FHW,ERCF,286,47,NA,NA,NA,NA,NA,NA,NA,1,1_7_ercf 2023-07-09; Exp FHW,3,arm drop,in -80C by 11:15am
20230709,10:31,NA,8,2_5_ERCF,pycnopodia_helianthoides,1,FHW,ERCF,287,48,NA,NA,NA,NA,NA,NA,NA,10,2_5_ercf 2023-07-09; Exp FHW,3,arm drop,in -80C by 11:15am
20230709,10:42,NA,8,3_51_ERCF,pycnopodia_helianthoides,1,FHW,ERCF,288,49,NA,NA,NA,NA,NA,NA,NA,4,3_51_ercf 2023-07-09; Exp FHW,3,arm drop,in -80C by 11:15am
20230709,10:53,NA,8,4_64_ERCF,pycnopodia_helianthoides,1,FHW,ERCF,289,50,NA,NA,NA,NA,NA,NA,NA,4,4_64_ercf 2023-07-09; Exp FHW,3,arm drop,in -80C by 11:15am
20230709,10:54,NA,8,4_32_ERCF,pycnopodia_helianthoides,1,FHW,ERCF,290,51,NA,NA,NA,NA,NA,NA,NA,1,4_32_ercf 2023-07-09; Exp FHW,3,arm drop,in -80C by 11:15am
20230709,11:01,NA,8,5_62_ERCF,pycnopodia_helianthoides,1,FHW,ERCF,291,NA,NA,NA,NA,NA,NA,NA,NA,2,5_62_ercf 2023-07-09; Exp FHW,3,arm drop,"in -80C by 11:15am; wasn't enough coelomic fluid to save any supernatant, so no PSCS for this star at this time point"
20230709,15:30,NA,8,12_53_HKCF,pycnopodia_helianthoides,1,FHW,HKCF,292,52,NA,NA,NA,NA,NA,NA,NA,NA,NA,0,NA,in -80C by 16:20
20230709,15:33,NA,8,13_34_HKCF,pycnopodia_helianthoides,1,FHW,HKCF,293,53,NA,NA,NA,NA,NA,NA,NA,NA,NA,0,NA,in -80C by 16:20
20230709,15:24,NA,8,2_66_ERCF,pycnopodia_helianthoides,1,FHW,ERCF,294,54,NA,NA,NA,NA,NA,NA,NA,3,"2_66_ercf 2023-07-09, EXP FHW",3,arm drop,in -80C by 16:20
20230709,15:35,NA,8,3_33_ERCF,pycnopodia_helianthoides,1,FHW,ERCF,295,55,NA,NA,NA,NA,NA,NA,NA,NA,NA,2,25% twist,in -80C by 16:20
20230710,10:50,NA,9,3_33_ERCF,pycnopodia_helianthoides,1,FHW,ERCF,296,56,NA,NA,NA,NA,NA,NA,NA,2,"3_33_ercf 2023-07-10, FHW",3,arm drop,in -80 by 11:27
20230710,10:48,NA,9,13_34_HKCF,pycnopodia_helianthoides,1,FHW,HKCF,297,57,NA,NA,NA,NA,NA,NA,NA,NA,NA,0,NA,in -80 by 11:27
20230711,10:43,NA,10,6_20_22ERCF,pycnopodia_helianthoides,1,FHW,22ERCF,298,58,NA,NA,NA,NA,NA,NA,NA,NA,NA,0,day 10 0.22,in -80 by 11:23am
20230711,10:47,NA,10,6_54_22ERCF,pycnopodia_helianthoides,1,FHW,22ERCF,299,59,NA,NA,NA,NA,NA,NA,NA,NA,NA,0,day 10 0.22,in -80 by 11:23am
20230711,10:49:00,NA,10,7_74_22ERCF,pycnopodia_helianthoides,1,FHW,22ERCF,300,60,NA,NA,NA,NA,NA,NA,NA,NA,NA,0,day 10 0.22,in -80 by 11:23am
20230711,10:55,NA,10,7_15_22ERCF,pycnopodia_helianthoides,1,FHW,22ERCF,301,61,NA,NA,NA,NA,NA,NA,NA,NA,NA,0,day 10 0.22,in -80 by 11:23am
20230711,11:00,NA,10,8_25_22ERCF,pycnopodia_helianthoides,1,FHW,22ERCF,302,62,NA,NA,NA,NA,NA,NA,NA,NA,NA,0,day 10 0.22,in -80 by 11:23am
20230711,11:02,NA,10,8_52_22ERCF,pycnopodia_helianthoides,1,FHW,22ERCF,303,63,NA,NA,NA,NA,NA,NA,NA,NA,NA,0,day 10 0.22,in -80 by 11:23am
20230711,10:59,NA,10,9_30_22ERCF,pycnopodia_helianthoides,1,FHW,22ERCF,304,64,NA,NA,NA,NA,NA,NA,NA,NA,NA,0,day 10 0.22,in -80 by 11:23am
20230711,10:55,NA,10,9_41_22ERCF,pycnopodia_helianthoides,1,FHW,22ERCF,305,65,NA,NA,NA,NA,NA,NA,NA,NA,NA,0,day 10 0.22,in -80 by 11:23am
20230711,10:50,NA,10,10_49_22ERCF,pycnopodia_helianthoides,1,FHW,22ERCF,306,66,NA,NA,NA,NA,NA,NA,NA,NA,NA,0,day 10 0.22,in -80 by 11:23am
20230711,10:44,NA,10,10_9_22ERCF,pycnopodia_helianthoides,1,FHW,22ERCF,307,67,NA,NA,NA,NA,NA,NA,NA,NA,NA,0,day 10 0.22,in -80 by 11:23am
20230717,11:10,NA,16,11_59_HKCF,pycnopodia_helianthoides,1,FHW,HKCF,308,68,NA,NA,NA,NA,NA,NA,NA,0,NA,0,day 16 - experiment end,in -80 by 11:30am
20230717,11:12,NA,16,15_40_HKCF,pycnopodia_helianthoides,1,FHW,HKCF,309,69,NA,NA,NA,NA,NA,NA,NA,0,NA,0,day 16 - experiment end,in -80 by 11:30am
20230717,11:15,NA,16,1_56_ERCF,pycnopodia_helianthoides,1,FHW,ERCF,310,70,NA,NA,NA,NA,NA,NA,NA,0,NA,0,day 16 - experiment end,in -80 by 11:30am
20230717,11:18,NA,16,5_3_ERCF,pycnopodia_helianthoides,1,FHW,ERCF,311,71,NA,NA,NA,NA,NA,NA,NA,0,NA,0,day 16 - experiment end,in -80 by 11:30am
20230721,10:01,NA,0,B9_D107,dermasterias_imbricata,4,MUSP,D0,312,72,NA,NA,NA,NA,NA,NA,NA,0,NA,0,day 0 ,in -80 by 10:57am
20230721,10:02,NA,0,B9_Pi123,pisaster_ochraceus,4,MUSP,D0,313,73,NA,NA,NA,NA,NA,NA,NA,0,NA,0,day 0 ,in -80 by 10:57am
20230721,10:03,NA,0,B9_Py92,pycnopodia_helianthoides,4,MUSP,D0,314,74,NA,NA,NA,NA,NA,NA,NA,0,NA,0,day 0 ,in -80 by 10:57am
20230721,10:06,NA,0,B1_D105,dermasterias_imbricata,4,MUSP,D0,315,75,NA,NA,NA,NA,NA,NA,NA,0,NA,0,day 0 ,in -80 by 10:57am
20230721,10:10,NA,0,B1_Pi120,pisaster_ochraceus,4,MUSP,D0,316,76,NA,NA,NA,NA,NA,NA,NA,0,NA,0,day 0 ,in -80 by 10:57am
20230721,10:14,NA,0,B1_Py89,pycnopodia_helianthoides,4,MUSP,D0,317,77,NA,NA,NA,NA,NA,NA,NA,0,NA,0,day 0 ,in -80 by 10:57am
20230721,10:07,NA,0,B10_D113,dermasterias_imbricata,4,MUSP,D0,318,78,NA,NA,NA,NA,NA,NA,NA,0,NA,0,day 0 ,in -80 by 10:57am
20230721,10:11,NA,0,B10_PI127,pisaster_ochraceus,4,MUSP,D0,319,79,NA,NA,NA,NA,NA,NA,NA,0,NA,0,day 0 ,in -80 by 10:57am
20230721,10:14,NA,0,B10_Py86,pycnopodia_helianthoides,4,MUSP,D0,320,80,NA,NA,NA,NA,NA,NA,NA,0,NA,0,day 0 ,in -80 by 10:57am
20230721,10:17,NA,0,B2_D104,dermasterias_imbricata,4,MUSP,D0,321,81,NA,NA,NA,NA,NA,NA,NA,0,NA,0,day 0 ,in -80 by 10:57am
20230721,10:19,NA,0,B2_Pi128,pisaster_ochraceus,4,MUSP,D0,322,82,NA,NA,NA,NA,NA,NA,NA,0,NA,0,day 0 ,in -80 by 10:57am
20230721,10:24,NA,0,B2_Py83,pycnopodia_helianthoides,4,MUSP,D0,323,83,NA,NA,NA,NA,NA,NA,NA,0,NA,0,day 0 ,in -80 by 10:57am
20230721,10:17,NA,0,B11_D114,dermasterias_imbricata,4,MUSP,D0,324,84,NA,NA,NA,NA,NA,NA,NA,0,NA,0,day 0 ,in -80 by 10:57am
20230721,10:19,NA,0,B11_Pi130,pisaster_ochraceus,4,MUSP,D0,325,85,NA,NA,NA,NA,NA,NA,NA,0,NA,0,day 0 ,in -80 by 10:57am
20230721,10:20,NA,0,B11_Py81,pycnopodia_helianthoides,4,MUSP,D0,326,86,NA,NA,NA,NA,NA,NA,NA,0,NA,0,day 0 ,in -80 by 10:57am
20230721,10:22,NA,0,B12_D110,dermasterias_imbricata,4,MUSP,D0,327,87,NA,NA,NA,NA,NA,NA,NA,0,NA,0,day 0 ,in -80 by 10:57am
20230721,10:24,NA,0,B12_Pi132,pisaster_ochraceus,4,MUSP,D0,328,88,NA,NA,NA,NA,NA,NA,NA,0,NA,0,day 0 ,in -80 by 10:57am
20230721,10:16,NA,0,B12_Py85,pycnopodia_helianthoides,4,MUSP,D0,329,89,NA,NA,NA,NA,NA,NA,NA,0,NA,0,day 0 ,in -80 by 10:57am
20230721,10:31,NA,0,B3_D100,dermasterias_imbricata,4,MUSP,D0,330,90,NA,NA,NA,NA,NA,NA,NA,0,NA,0,day 0 ,in -80 by 11:25am
20230721,10:35,NA,0,B3_Pi131,pisaster_ochraceus,4,MUSP,D0,331,91,NA,NA,NA,NA,NA,NA,NA,0,NA,0,day 0 ,in -80 by 11:25am
20230721,10:37,NA,0,B3_Py91,pycnopodia_helianthoides,4,MUSP,D0,332,92,NA,NA,NA,NA,NA,NA,NA,0,NA,0,day 0 ,in -80 by 11:25am
20230721,10:30,NA,0,B13_D112,dermasterias_imbricata,4,MUSP,D0,333,93,NA,NA,NA,NA,NA,NA,NA,0,NA,0,day 0 ,in -80 by 11:25am
20230721,10:32,NA,0,B13_Pi134,pisaster_ochraceus,4,MUSP,D0,334,94,NA,NA,NA,NA,NA,NA,NA,0,NA,0,day 0 ,in -80 by 11:25am
20230721,10:34,NA,0,B13_Py90,pycnopodia_helianthoides,4,MUSP,D0,335,95,NA,NA,NA,NA,NA,NA,NA,0,NA,0,day 0 ,in -80 by 11:25am
20230721,10:37,NA,0,B14_D103,dermasterias_imbricata,4,MUSP,D0,336,96,NA,NA,NA,NA,NA,NA,NA,0,NA,0,day 0 ,in -80 by 11:25am
20230721,10:38,NA,0,B14_Pi123,pisaster_ochraceus,4,MUSP,D0,337,97,NA,NA,NA,NA,NA,NA,NA,0,NA,0,day 0 ,in -80 by 11:25am
20230721,10:41,NA,0,B14_Py94,pycnopodia_helianthoides,4,MUSP,D0,338,98,NA,NA,NA,NA,NA,NA,NA,0,NA,0,day 0 ,in -80 by 11:25am
20230721,10:43,NA,0,B4_D106,dermasterias_imbricata,4,MUSP,D0,339,99,NA,NA,NA,NA,NA,NA,NA,0,NA,0,day 0 ,in -80 by 11:25am
20230721,10:48,NA,0,B4_Pi121,pisaster_ochraceus,4,MUSP,D0,340,100,NA,NA,NA,NA,NA,NA,NA,0,NA,0,day 0 ,in -80 by 11:25am
20230721,10:50,NA,0,B4_Py84,pycnopodia_helianthoides,4,MUSP,D0,341,101,NA,NA,NA,NA,NA,NA,NA,0,NA,0,day 0 ,in -80 by 11:25am
20230721,10:45,NA,0,B15_D109,dermasterias_imbricata,4,MUSP,D0,342,102,NA,NA,NA,NA,NA,NA,NA,0,NA,0,day 0 ,in -80 by 11:25am
20230721,10:47,NA,0,B15_Pi117,pisaster_ochraceus,4,MUSP,D0,343,103,NA,NA,NA,NA,NA,NA,NA,0,NA,0,day 0 ,in -80 by 11:25am
20230721,10:49,NA,0,B15_Py93,pycnopodia_helianthoides,4,MUSP,D0,344,104,NA,NA,NA,NA,NA,NA,NA,0,NA,0,day 0 ,in -80 by 11:25am
20230721,10:57,NA,0,B5_D99,dermasterias_imbricata,4,MUSP,D0,345,105,NA,NA,NA,NA,NA,NA,NA,0,NA,0,day 0 ,in -80 by 11:45am
20230721,11:01,NA,0,B5_Pi116,pisaster_ochraceus,4,MUSP,D0,346,106,NA,NA,NA,NA,NA,NA,NA,0,NA,0,day 0 ,in -80 by 11:45am
20230721,11:02,NA,0,B5_Py88,pycnopodia_helianthoides,4,MUSP,D0,347,107,NA,NA,NA,NA,NA,NA,NA,0,NA,0,day 0 ,"in -80 by 11:45am; was twisting, have a pic"
20230721,10:53,NA,0,B16_D98,dermasterias_imbricata,4,MUSP,D0,348,108,NA,NA,NA,NA,NA,NA,NA,0,NA,0,day 0 ,in -80 by 11:45am
20230721,10:55,NA,0,B16_Pi126,pisaster_ochraceus,4,MUSP,D0,349,109,NA,NA,NA,NA,NA,NA,NA,0,NA,0,day 0 ,in -80 by 11:45am
20230721,10:57,NA,0,B16_Py95,pycnopodia_helianthoides,4,MUSP,D0,350,110,NA,NA,NA,NA,NA,NA,NA,0,NA,0,day 0 ,in -80 by 11:45am
20230721,11:02,NA,0,B6_D101,dermasterias_imbricata,4,MUSP,D0,351,111,NA,NA,NA,NA,NA,NA,NA,0,NA,0,day 0 ,in -80 by 11:45am
20230721,11:05,NA,0,B6_Pi118,pisaster_ochraceus,4,MUSP,D0,352,112,NA,NA,NA,NA,NA,NA,NA,0,NA,0,day 0 ,in -80 by 11:45am
20230721,11:08,NA,0,B6_Py87,pycnopodia_helianthoides,4,MUSP,D0,353,113,NA,NA,NA,NA,NA,NA,NA,0,NA,0,day 0 ,in -80 by 11:45am
20230721,11:08,NA,0,B7_D97,dermasterias_imbricata,4,MUSP,D0,354,114,NA,NA,NA,NA,NA,NA,NA,0,NA,0,day 0 ,in -80 by 11:45am
20230721,11:12,NA,0,B7_Pi122,pisaster_ochraceus,4,MUSP,D0,355,115,NA,NA,NA,NA,NA,NA,NA,0,NA,0,day 0 ,in -80 by 11:45am
20230721,11:16,NA,0,B7_Py82,pycnopodia_helianthoides,4,MUSP,D0,356,116,NA,NA,NA,NA,NA,NA,NA,0,NA,0,day 0 ,in -80 by 11:45am
20230721,11:15,NA,0,B8_D111,dermasterias_imbricata,4,MUSP,D0,357,117,NA,NA,NA,NA,NA,NA,NA,0,NA,0,day 0 ,in -80 by 11:45am
20230721,11:18,NA,0,B8_Pi119,pisaster_ochraceus,4,MUSP,D0,358,118,NA,NA,,,,,NA,0,NA,0,day 0 ,in -80 by 11:45am
20230721,11:20,NA,0,B8_Py26,pycnopodia_helianthoides,4,MUSP,D0,359,119,NA,NA,NA,NA,NA,NA,NA,0,NA,0,day 0 ,in -80 by 11:45am
20230721,15:10,ERCF,0,Pyc_E,pycnopodia_helianthoides,4,MUSP,D0,360,120,67,68,IN_MUSP_ERCF_1,NA,750,NA,NA,0,NA,2,>25% twist,in -80 by 16:15; added 750ul Shield
20230721,15:10,ERCF,0,Pyc_E,pycnopodia_helianthoides,4,MUSP,D0,NA,NA,NA,NA,IN_MUSP_ERCF_2,NA,400,NA,NA,0,NA,2,>25% twist,in -80 by 16:15; added 750ul Shield
20230724,13:15,NA,3,B9_D107,dermasterias_imbricata,4,MUSP,CHHK,361,121,NA,NA,NA,NA,NA,NA,NA,0,NA,0,NA,-80C by 14:41
20230724,13:37,NA,3,B9_Pi124,pisaster_ochraceus,4,MUSP,CHHK,362,122,NA,NA,NA,NA,NA,NA,NA,0,NA,0,NA,-80C by 14:41
20230724,13:38,NA,3,B9_Py92,pycnopodia_helianthoides,4,MUSP,CHHK,363,123,NA,NA,NA,NA,NA,NA,NA,0,NA,0,NA,-80C by 14:41
20230724,13:35,NA,3,B1_D105,dermasterias_imbricata,4,MUSP,CHER,364,124,NA,NA,NA,NA,NA,NA,NA,0,NA,0,NA,-80C by 14:41
20230724,13:39,NA,3,B1_Pi120,pisaster_ochraceus,4,MUSP,CHER,365,125,NA,NA,NA,NA,NA,NA,NA,0,NA,0,NA,-80C by 14:41
20230724,13:43,NA,3,B1_Py89,pycnopodia_helianthoides,4,MUSP,CHER,366,126,NA,NA,NA,NA,NA,NA,NA,0,NA,0,NA,-80C by 14:41
20230724,13:45,NA,3,B10_D113,dermasterias_imbricata,4,MUSP,CHHK,367,127,NA,NA,NA,NA,NA,NA,NA,0,NA,0,NA,-80C by 14:41
20230724,13:46,NA,3,B10_Pi127,pisaster_ochraceus,4,MUSP,CHHK,368,128,NA,NA,NA,NA,NA,NA,NA,0,NA,0,NA,-80C by 14:41
20230724,13:47,NA,3,B10_Py86,pycnopodia_helianthoides,4,MUSP,CHHK,369,129,NA,NA,NA,NA,NA,NA,NA,0,NA,0,NA,-80C by 14:41
20230724,13:47,NA,3,B2_D104,dermasterias_imbricata,4,MUSP,CHER,370,130,NA,NA,NA,NA,NA,NA,NA,0,NA,0,NA,-80C by 14:41
20230724,13:48,NA,3,B2_Pi128,pisaster_ochraceus,4,MUSP,CHER,371,131,NA,NA,NA,NA,NA,NA,NA,0,NA,0,NA,-80C by 14:41
20230724,13:50,NA,3,B2_Py83,pycnopodia_helianthoides,4,MUSP,CHER,372,132,NA,NA,NA,NA,NA,NA,NA,0,NA,0,NA,-80C by 14:41
20230724,13:55,NA,3,B11_D114,dermasterias_imbricata,4,MUSP,CHHK,373,133,NA,NA,NA,NA,NA,NA,NA,0,NA,0,NA,-80C by 14:41
20230724,13:57,NA,3,B11_Pi130,pisaster_ochraceus,4,MUSP,CHHK,374,134,NA,NA,NA,NA,NA,NA,NA,0,NA,0,NA,-80C by 14:41
20230724,13:59,NA,3,B11_Py81,pycnopodia_helianthoides,4,MUSP,CHHK,375,135,NA,NA,NA,NA,NA,NA,NA,0,NA,0,NA,-80C by 14:41
20230724,13:58,NA,3,B3_D100,dermasterias_imbricata,4,MUSP,CHER,376,136,NA,NA,NA,NA,NA,NA,NA,0,NA,0,NA,-80C by 14:41
20230724,13:59,NA,3,B3_Pi131,pisaster_ochraceus,4,MUSP,CHER,377,137,NA,NA,NA,NA,NA,NA,NA,0,NA,0,NA,-80C by 14:41
20230724,14:00,NA,3,B3_Py91,pycnopodia_helianthoides,4,MUSP,CHER,378,138,NA,NA,NA,NA,NA,NA,NA,0,NA,0,NA,-80C by 14:41
20230724,14:04,NA,3,B12_D110,dermasterias_imbricata,4,MUSP,CHHK,379,139,NA,NA,NA,NA,NA,NA,NA,0,NA,0,NA,-80C by 14:41
20230724,14:07,NA,3,B12_Pi132,pisaster_ochraceus,4,MUSP,CHHK,380,140,NA,NA,NA,NA,NA,NA,NA,0,NA,0,NA,-80C by 14:41
20230724,14:09,NA,3,B12_Py85,pycnopodia_helianthoides,4,MUSP,CHHK,381,141,NA,NA,NA,NA,NA,NA,NA,0,NA,0,NA,-80C by 14:41
20230724,14:06,NA,3,B4_D106,dermasterias_imbricata,4,MUSP,CHER,382,142,NA,NA,NA,NA,NA,NA,NA,0,NA,0,NA,-80C by 14:41
20230724,14:08,NA,3,B4_Pi121,pisaster_ochraceus,4,MUSP,CHER,383,143,NA,NA,NA,NA,NA,NA,NA,0,NA,0,NA,-80C by 14:41
20230724,14:09,NA,3,B4_Py84,pycnopodia_helianthoides,4,MUSP,CHER,384,144,NA,NA,NA,NA,NA,NA,NA,0,NA,0,NA,-80C by 14:41
20230724,14:48,NA,3,B13_D112,dermasterias_imbricata,4,MUSP,CHHK,385,145,NA,NA,NA,NA,NA,NA,NA,0,NA,0,NA,-80C by 16:10
20230724,14:51,NA,3,B13_Pi134,pisaster_ochraceus,4,MUSP,CHHK,386,146,NA,NA,NA,NA,NA,NA,NA,0,NA,0,NA,-80C by 16:10
20230724,14:53,NA,3,B13_Py90,pycnopodia_helianthoides,4,MUSP,CHHK,387,147,NA,NA,NA,NA,NA,NA,NA,0,NA,0,NA,-80C by 16:10
20230724,14:47,NA,3,B5_D99,dermasterias_imbricata,4,MUSP,CHER,388,148,NA,NA,NA,NA,NA,NA,NA,0,NA,0,NA,-80C by 16:10
20230724,14:47,NA,3,B5_Pi116,pisaster_ochraceus,4,MUSP,CHER,389,149,NA,NA,NA,NA,NA,NA,NA,0,NA,0,NA,-80C by 16:10
20230724,14:48,NA,3,B5_Py88,pycnopodia_helianthoides,4,MUSP,CHER,390,150,NA,NA,NA,NA,NA,NA,NA,0,NA,0,NA,-80C by 16:10
20230724,14:58,NA,3,B14_D103,dermasterias_imbricata,4,MUSP,CHHK,391,151,NA,NA,NA,NA,NA,NA,NA,0,NA,0,NA,-80C by 16:10
20230724,14:59,NA,3,B14_Pi123,pisaster_ochraceus,4,MUSP,CHHK,392,152,NA,NA,NA,NA,NA,NA,NA,0,NA,0,NA,-80C by 16:10
20230724,15:01,NA,3,B14_Py94,pycnopodia_helianthoides,4,MUSP,CHHK,393,153,NA,NA,NA,NA,NA,NA,NA,0,NA,0,NA,-80C by 16:10
20230724,14:54,NA,3,B6_D101,dermasterias_imbricata,4,MUSP,CHER,394,154,NA,NA,NA,NA,NA,NA,NA,0,NA,0,NA,-80C by 16:10
20230724,14:55,NA,3,B6_Pi118,pisaster_ochraceus,4,MUSP,CHER,395,155,NA,NA,NA,NA,NA,NA,NA,0,NA,0,NA,-80C by 16:10
20230724,14:56,NA,3,B6_Py87,pycnopodia_helianthoides,4,MUSP,CHER,396,156,NA,NA,NA,NA,NA,NA,NA,0,NA,0,NA,-80C by 16:10
20230724,15:01,NA,3,B7_D97,dermasterias_imbricata,4,MUSP,CHER,397,157,NA,NA,NA,NA,NA,NA,NA,0,NA,0,NA,-80C by 16:10
20230724,15:02,NA,3,B7_Pi122,pisaster_ochraceus,4,MUSP,CHER,398,158,NA,NA,NA,NA,NA,NA,NA,0,NA,0,NA,-80C by 16:10
20230724,15:03,NA,3,B7_Py82,pycnopodia_helianthoides,4,MUSP,CHER,399,159,NA,NA,NA,NA,NA,NA,NA,0,NA,0,NA,-80C by 16:10
20230724,15:07,NA,3,B15_D109,dermasterias_imbricata,4,MUSP,CHHK,400,160,NA,NA,NA,NA,NA,NA,NA,0,NA,0,NA,-80C by 16:10
20230724,15:08,NA,3,B15_Pi117,pisaster_ochraceus,4,MUSP,CHHK,401,161,NA,NA,NA,NA,NA,NA,NA,0,NA,0,NA,-80C by 16:10
20230724,15:10,NA,3,B15_Py93,pycnopodia_helianthoides,4,MUSP,CHHK,402,162,NA,NA,NA,NA,NA,NA,NA,0,NA,0,NA,-80C by 16:10
20230724,15:08,NA,3,B8_D111,dermasterias_imbricata,4,MUSP,CHER,403,163,NA,NA,NA,NA,NA,NA,NA,0,NA,0,NA,-80C by 16:10
20230724,15:10,NA,3,B8_Pi119,pisaster_ochraceus,4,MUSP,CHER,404,164,NA,NA,NA,NA,NA,NA,NA,0,NA,0,NA,-80C by 16:10
20230724,15:11,NA,3,B8_Py26,pycnopodia_helianthoides,4,MUSP,CHER,405,165,NA,NA,NA,NA,NA,NA,NA,0,NA,0,NA,-80C by 16:10
20230724,15:16,NA,3,B16_D98,dermasterias_imbricata,4,MUSP,CHHK,406,166,NA,NA,NA,NA,NA,NA,NA,0,NA,0,NA,-80C by 16:10
20230724,15:17,NA,3,B16_Pi126,pisaster_ochraceus,4,MUSP,CHHK,407,167,NA,NA,NA,NA,NA,NA,NA,0,NA,0,NA,-80C by 16:10
20230724,15:20,NA,3,B16_Py95,pycnopodia_helianthoides,4,MUSP,CHHK,408,168,NA,NA,NA,NA,NA,NA,NA,0,NA,0,NA,-80C by 16:10
20230726,17:15,NA,5,B2_D104,dermasterias_imbricata,4,MUSP,CHER,409,169,NA,NA,176a,176b,750,250,NA,0,NA,0,FH arm drop,-80C: CF by 17:58; PSC/PSCS by 18:08
20230726,17:19,NA,5,B2_Pi128,pisaster_ochraceus,4,MUSP,CHER,410,170,NA,NA,177,NA,400,NA,NA,0,NA,0,FH arm drop,-80C: CF by 17:58; PSC/PSCS by 18:08
20230726,17:23,NA,5,B2_Py83,pycnopodia_helianthoides,4,MUSP,CHER,411,171,NA,NA,178,NA,350,NA,NA,0,NA,0,FH arm drop,-80C: CF by 17:58; PSC/PSCS by 18:08
20230726,17:07,NA,5,B10_D113,dermasterias_imbricata,4,MUSP,CHHK,412,172,NA,NA,179a,179b,750,750,NA,0,NA,0,paired sampling,-80C: CF by 17:58; PSC/PSCS by 18:08
20230726,17:15,NA,5,B10_Pi127,pisaster_ochraceus,4,MUSP,CHHK,413,173,NA,NA,180,NA,600,NA,NA,0,NA,0,paired sampling,-80C: CF by 17:58; PSC/PSCS by 18:08
20230726,17:17,NA,5,B10_Py86,pycnopodia_helianthoides,4,MUSP,CHHK,414,174,NA,NA,181,NA,550,NA,NA,0,NA,0,paired sampling,-80C: CF by 17:58; PSC/PSCS by 18:08
20230726,17:33,NA,5,B3_D100,dermasterias_imbricata,4,MUSP,CHER,415,175,NA,NA,182a,182b,750,750,NA,0,NA,0,FH arm drop,-80C: CF by 17:58; PSC/PSCS by 18:08
20230726,17:34,NA,5,B3_Pi131,pisaster_ochraceus,4,MUSP,CHER,416,176,NA,NA,183a,183b,750,250,NA,0,NA,0,FH arm drop,-80C: CF by 17:58; PSC/PSCS by 18:08
20230726,17:35,NA,5,B3_Py91,pycnopodia_helianthoides,4,MUSP,CHER,417,177,NA,NA,184,NA,100,NA,NA,0,NA,0,FH arm drop,-80C: CF by 17:58; PSC/PSCS by 18:08
20230726,17:30,NA,5,B11_D114,dermasterias_imbricata,4,MUSP,CHHK,418,178,NA,NA,185,NA,600,NA,NA,0,NA,0,paired sampling,-80C: CF by 17:58; PSC/PSCS by 18:08
20230726,17:33,NA,5,B11_Pi130,pisaster_ochraceus,4,MUSP,CHHK,419,179,NA,NA,186,NA,750,NA,NA,0,NA,0,paired sampling,-80C: CF by 17:58; PSC/PSCS by 18:08
20230726,17:37,NA,5,B11_Py81,pycnopodia_helianthoides,4,MUSP,CHHK,420,180,NA,NA,187,NA,500,NA,NA,0,NA,0,paired sampling,-80C: CF by 17:58; PSC/PSCS by 18:08
20230727,11:18,NA,6,B1_D105,dermasterias_imbricata,4,MUSP,CHER,421,181,NA,NA,188a,188b,750,250,NA,0,NA,0,FH arm drop,-80C: PSC 12:46; PSCS 12:40; PSCF 12:27
20230727,11:23,NA,6,B1_Pi120,pisaster_ochraceus,4,MUSP,CHER,422,182,NA,NA,189,NA,750,NA,NA,0,NA,0,FH arm drop,-80C: PSC 12:46; PSCS 12:40; PSCF 12:27
20230727,11:25,NA,6,B1_Py89,pycnopodia_helianthoides,4,MUSP,CHER,423,183,NA,NA,190,NA,150,NA,NA,0,NA,0,FH arm drop,-80C: PSC 12:46; PSCS 12:40; PSCF 12:27
20230727,11:18,NA,6,B9_D107,dermasterias_imbricata,4,MUSP,CHHK,424,184,NA,NA,191,NA,750,NA,NA,0,NA,0,paired sampling,-80C: PSC 12:46; PSCS 12:40; PSCF 12:27
20230727,11:23,NA,6,B9_Pi124,pisaster_ochraceus,4,MUSP,CHHK,425,185,NA,NA,192,NA,750,NA,NA,0,NA,0,paired sampling,-80C: PSC 12:46; PSCS 12:40; PSCF 12:27
20230727,11:27,NA,6,B9_Py92,pycnopodia_helianthoides,4,MUSP,CHHK,426,186,NA,NA,193,NA,550,NA,NA,0,NA,0,paired sampling,-80C: PSC 12:46; PSCS 12:40; PSCF 12:27
20230727,11:35,NA,6,B2_D104,dermasterias_imbricata,4,MUSP,CHER,427,187,NA,NA,NA,NA,NA,NA,NA,0,NA,0,NA,-80C: PSC 12:46; PSCS 12:40; PSCF 12:27
20230727,11:37,NA,6,B2_Pi128,pisaster_ochraceus,4,MUSP,CHER,428,188,NA,NA,NA,NA,NA,NA,NA,0,NA,0,NA,-80C: PSC 12:46; PSCS 12:40; PSCF 12:27
20230727,11:40,NA,6,B2_Py83,pycnopodia_helianthoides,4,MUSP,CHER,429,189,NA,NA,NA,NA,NA,NA,NA,0,NA,0,NA,-80C: PSC 12:46; PSCS 12:40; PSCF 12:27
20230727,11:38,NA,6,B10_D113,dermasterias_imbricata,4,MUSP,CHHK,430,190,NA,NA,NA,NA,NA,NA,NA,0,NA,0,NA,-80C: PSC 12:46; PSCS 12:40; PSCF 12:27
20230727,11:40,NA,6,B10_Pi127,pisaster_ochraceus,4,MUSP,CHHK,431,191,NA,NA,NA,NA,NA,NA,NA,0,NA,0,NA,-80C: PSC 12:46; PSCS 12:40; PSCF 12:27
20230727,11:42,NA,6,B10_Py86,pycnopodia_helianthoides,4,MUSP,CHHK,432,192,NA,NA,NA,NA,NA,NA,NA,0,NA,0,NA,-80C: PSC 12:46; PSCS 12:40; PSCF 12:27
20230727,11:50,NA,6,B3_D100,dermasterias_imbricata,4,MUSP,CHER,433,193,NA,NA,NA,NA,NA,NA,NA,0,NA,0,NA,-80C: PSC 12:46; PSCS 12:40; PSCF 12:27
20230727,11:52,NA,6,B3_Pi131,pisaster_ochraceus,4,MUSP,CHER,434,194,NA,NA,NA,NA,NA,NA,NA,0,NA,0,NA,-80C: PSC 12:46; PSCS 12:40; PSCF 12:27
20230727,11:54,NA,6,B3_Py91,pycnopodia_helianthoides,4,MUSP,CHER,435,195,NA,NA,NA,NA,NA,NA,NA,0,NA,0,NA,-80C: PSC 12:46; PSCS 12:40; PSCF 12:27
20230727,11:51,NA,6,B11_D114,dermasterias_imbricata,4,MUSP,CHHK,436,196,NA,NA,NA,NA,NA,NA,NA,0,NA,0,NA,-80C: PSC 12:46; PSCS 12:40; PSCF 12:27
20230727,11:53,NA,6,B11_Pi130,pisaster_ochraceus,4,MUSP,CHHK,437,197,NA,NA,NA,NA,NA,NA,NA,0,NA,0,NA,-80C: PSC 12:46; PSCS 12:40; PSCF 12:27
20230727,11:55,NA,6,B11_Py81,pycnopodia_helianthoides,4,MUSP,CHHK,438,198,NA,NA,NA,NA,NA,NA,NA,0,NA,0,NA,-80C: PSC 12:46; PSCS 12:40; PSCF 12:27
20230727,12:04,NA,6,B4_D106,dermasterias_imbricata,4,MUSP,CHER,439,199,NA,NA,194,NA,750,50,NA,0,NA,0,FH arm drop,-80C: PSC 12:46; PSCS 12:40; PSCF 12:27
20230727,12:06,NA,6,B4_Pi121,pisaster_ochraceus,4,MUSP,CHER,440,200,NA,NA,195,NA,750,NA,NA,0,NA,0,FH arm drop,-80C: PSC 12:46; PSCS 12:40; PSCF 12:27
20230727,12:09,NA,6,B4_Py84,pycnopodia_helianthoides,4,MUSP,CHER,441,201,NA,NA,196,NA,650,NA,NA,0,NA,0,FH arm drop,-80C: PSC 12:46; PSCS 12:40; PSCF 12:27
20230727,12:04,NA,6,B12_D110,dermasterias_imbricata,4,MUSP,CHHK,442,202,NA,NA,197,NA,750,NA,NA,0,NA,0,paired sampling,-80C: PSC 12:46; PSCS 12:40; PSCF 12:27
20230727,12:08,NA,6,B12_Pi132,pisaster_ochraceus,4,MUSP,CHHK,443,203,NA,NA,198a,198b,750,250,NA,0,NA,0,paired sampling,-80C: PSC 12:46; PSCS 12:40; PSCF 12:27
20230727,12:10,NA,6,B12_Py85,pycnopodia_helianthoides,4,MUSP,CHHK,444,204,NA,NA,199,NA,500,NA,NA,0,NA,0,paired sampling,-80C: PSC 12:46; PSCS 12:40; PSCF 12:27
20230727,12:53,NA,6,B5_D99,dermasterias_imbricata,4,MUSP,CHER,445,205,NA,NA,200a,200b,750,150,NA,0,NA,0,FH arm drop,-80C: PSCF 14:06; PSC 14:20; PSCS 14:20
20230727,12:54,NA,6,B5_PI116,pisaster_ochraceus,4,MUSP,CHER,446,206,NA,NA,201a,201b,750,250,NA,0,NA,0,FH arm drop,-80C: PSCF 14:06; PSC 14:20; PSCS 14:20
20230727,12:57,NA,6,B5_Py88,pycnopodia_helianthoides,4,MUSP,CHER,447,207,NA,NA,202,NA,350,NA,NA,0,NA,0,FH arm drop,-80C: PSCF 14:06; PSC 14:20; PSCS 14:20
20230727,12:54,NA,6,B13_D112,dermasterias_imbricata,4,MUSP,CHHK,448,208,NA,NA,203a,203b,750,50,NA,0,NA,0,paired sampling,-80C: PSCF 14:06; PSC 14:20; PSCS 14:20
20230727,12:57,NA,6,B13_Pi134,pisaster_ochraceus,4,MUSP,CHHK,449,209,NA,NA,204a,204b,750,50,NA,0,NA,0,paired sampling,-80C: PSCF 14:06; PSC 14:20; PSCS 14:20
20230727,12:59,NA,6,B13_Py90,pycnopodia_helianthoides,4,MUSP,CHHK,450,210,NA,NA,205,NA,500,NA,NA,0,NA,0,paired sampling,-80C: PSCF 14:06; PSC 14:20; PSCS 14:20
20230727,13:06,NA,6,B6_D101,dermasterias_imbricata,4,MUSP,CHER,451,211,NA,NA,206a,206b,750,30,NA,0,NA,0,NA,-80C: PSCF 14:06; PSC 14:20; PSCS 14:20
20230727,13:09,NA,6,B6_PI118,pisaster_ochraceus,4,MUSP,CHER,452,212,NA,NA,207a,207b,750,250,NA,0,NA,0,NA,-80C: PSCF 14:06; PSC 14:20; PSCS 14:20
20230727,13:11,NA,6,B6_Py86,pycnopodia_helianthoides,4,MUSP,CHER,453,213,NA,NA,208,NA,250,NA,NA,0,NA,0,NA,-80C: PSCF 14:06; PSC 14:20; PSCS 14:20
20230727,13:06,NA,6,B14_D103,dermasterias_imbricata,4,MUSP,CHHK,454,214,NA,NA,209,NA,700,NA,NA,0,NA,0,NA,-80C: PSCF 14:06; PSC 14:20; PSCS 14:20
20230727,13:11,NA,6,B14_Pi123,pisaster_ochraceus,4,MUSP,CHHK,455,215,NA,NA,210,NA,750,NA,NA,0,NA,0,NA,-80C: PSCF 14:06; PSC 14:20; PSCS 14:20
20230727,13:13,NA,6,B14_Py94,pycnopodia_helianthoides,4,MUSP,CHHK,456,216,NA,NA,211,NA,500,NA,NA,0,NA,0,NA,-80C: PSCF 14:06; PSC 14:20; PSCS 14:20
20230727,13:20,NA,6,B7_D97,dermasterias_imbricata,4,MUSP,CHER,457,217,NA,NA,212,NA,650,NA,NA,0,NA,0,NA,-80C: PSCF 14:06; PSC 14:20; PSCS 14:20
20230727,13:22,NA,6,B7_PI122,pisaster_ochraceus,4,MUSP,CHER,458,218,NA,NA,213,NA,650,NA,NA,0,NA,0,NA,"-80: PSCF 14:06, PSC/PSCS 14:31"
20230727,13:25,NA,6,B7_Py82,pycnopodia_helianthoides,4,MUSP,CHER,459,219,NA,NA,214,NA,200,NA,NA,0,NA,0,NA,"-80: PSCF 14:06, PSC/PSCS 14:31"
20230727,13:20,NA,6,B15_D109,dermasterias_imbricata,4,MUSP,CHHK,460,220,NA,NA,215,NA,500,NA,NA,0,NA,0,NA,"-80: PSCF 14:06, PSC/PSCS 14:31"
20230727,13:25,NA,6,B15_Pi117,pisaster_ochraceus,4,MUSP,CHHK,461,221,NA,NA,216,NA,750,50,NA,0,NA,0,NA,"-80: PSCF 14:06, PSC/PSCS 14:31"
20230727,13:27,NA,6,B15_Py93,pycnopodia_helianthoides,4,MUSP,CHHK,462,222,NA,NA,217,NA,300,NA,NA,0,NA,0,NA,"-80: PSCF 14:06, PSC/PSCS 14:31"
20230727,13:36,NA,6,B8_D111,dermasterias_imbricata,4,MUSP,CHER,463,223,NA,NA,218a,218b,750,250,NA,0,NA,0,FH arm drop,"-80: PSCF 14:06, PSC/PSCS 14:31"
20230727,13:38,NA,6,B8_Pi119,pisaster_ochraceus,4,MUSP,CHER,464,224,NA,NA,219a,219b,750,750,NA,0,NA,0,FH arm drop,"-80: PSCF 14:06, PSC/PSCS 14:31"
20230727,13:42,NA,6,B8_Py26,pycnopodia_helianthoides,4,MUSP,CHER,465,225,NA,NA,220,NA,500,NA,NA,0,NA,0,FH arm drop,"-80: PSCF 14:06, PSC/PSCS 14:31"
20230727,13:36,NA,6,B16_D98,dermasterias_imbricata,4,MUSP,CHHK,466,226,NA,NA,221,NA,750,NA,NA,0,NA,0,paired sampling,"-80: PSCF 14:06, PSC/PSCS 14:31"
20230727,13:38,NA,6,B16_Pi126,pisaster_ochraceus,4,MUSP,CHHK,467,227,NA,NA,222,NA,550,NA,NA,0,NA,0,paired sampling,"-80: PSCF 14:06, PSC/PSCS 14:31"
20230727,13:40,NA,6,B16_Py95,pycnopodia_helianthoides,4,MUSP,CHHK,468,228,NA,NA,223,NA,700,NA,NA,0,NA,0,paired sampling,"-80: PSCF 14:06, PSC/PSCS 14:31"
20230730,10:42,NA,9,B1_D105,dermasterias_imbricata,4,MUSP,CHER,469,229,NA,NA,NA,NA,NA,NA,NA,0,NA,0,NA,-80 by 11:55am
20230730,10:44,NA,9,B1_Pi120,pisaster_ochraceus,4,MUSP,CHER,470,230,NA,NA,NA,NA,NA,NA,NA,0,NA,0,NA,-80 by 11:55am
20230730,10:47,NA,9,B1_Py89,pycnopodia_helianthoides,4,MUSP,CHER,471,231,NA,NA,NA,NA,NA,NA,NA,0,NA,0,NA,-80 by 11:55am
20230730,10:42,NA,9,B9_D107,dermasterias_imbricata,4,MUSP,CHHK,472,232,NA,NA,NA,NA,NA,NA,NA,0,NA,0,NA,-80 by 11:55am
20230730,10:44,NA,9,D9_Pi124,pisaster_ochraceus,4,MUSP,CHHK,473,233,NA,NA,NA,NA,NA,NA,NA,0,NA,0,NA,-80 by 11:55am
20230730,10:46,NA,9,D9_Py92,pycnopodia_helianthoides,4,MUSP,CHHK,474,234,NA,NA,NA,NA,NA,NA,NA,0,NA,0,NA,-80 by 11:55am
20230730,10:54,NA,9,B2_D104,dermasterias_imbricata,4,MUSP,CHER,475,235,NA,NA,NA,NA,NA,NA,NA,0,NA,0,NA,-80 by 11:55am
20230730,10:56,NA,9,B2_Pi128,pisaster_ochraceus,4,MUSP,CHER,476,236,NA,NA,NA,NA,NA,NA,NA,0,NA,0,NA,"-80 by 11:55am; stretching, white lines"
20230730,10:59,NA,9,B2_Py83,pycnopodia_helianthoides,4,MUSP,CHER,477,237,NA,NA,NA,NA,NA,NA,NA,0,NA,0,NA,-80 by 11:55am
20230730,10:54,NA,9,B10_D113,dermasterias_imbricata,4,MUSP,CHHK,478,238,NA,NA,NA,NA,NA,NA,NA,0,NA,0,NA,-80 by 11:55am
20230730,10:56,NA,9,B10_Pi127,pisaster_ochraceus,4,MUSP,CHHK,479,239,NA,NA,NA,NA,NA,NA,NA,0,NA,0,NA,-80 by 11:55am
20230730,10:57,NA,9,B10_Py86,pycnopodia_helianthoides,4,MUSP,CHHK,480,240,NA,NA,NA,NA,NA,NA,NA,0,NA,0,NA,-80 by 11:55am
20230730,11:07,NA,9,B3_D100,dermasterias_imbricata,4,MUSP,CHER,481,241,NA,NA,NA,NA,NA,NA,NA,0,NA,0,NA,-80 by 12:05PM
20230730,11:10,NA,9,B3_Pi131,pisaster_ochraceus,4,MUSP,CHER,482,242,NA,NA,NA,NA,NA,NA,NA,0,NA,0,NA,"-80 by 12:05P, cloudy CF"
20230730,11:12,NA,9,B3_Py91,pycnopodia_helianthoides,4,MUSP,CHER,483,243,NA,NA,NA,NA,NA,NA,NA,0,NA,0,NA,"-80 by 12:05P, throw up brown goo before sampling"
20230730,11:07,NA,9,B11_D114,dermasterias_imbricata,4,MUSP,CHHK,484,244,NA,NA,NA,NA,NA,NA,NA,0,NA,0,NA,-80 by 12:05PM
20230730,11:10,NA,9,B11_Pi130,pisaster_ochraceus,4,MUSP,CHHK,485,245,79,80,NA,NA,NA,NA,NA,0,NA,0,NA,-80 by 12:05PM
20230730,11:12,NA,9,B11_Py81,pycnopodia_helianthoides,4,MUSP,CHHK,486,246,NA,NA,NA,NA,NA,NA,NA,0,NA,0,NA,-80 by 12:05PM
20230730,11:20,NA,9,B4_D106,dermasterias_imbricata,4,MUSP,CHER,487,247,NA,NA,NA,NA,NA,NA,NA,0,NA,0,NA,-80 by 12:05PM
20230730,11:21,NA,9,B4_Pi121,pisaster_ochraceus,4,MUSP,CHER,488,248,77,78,NA,NA,NA,NA,NA,0,NA,0,NA,"-80 by 12:05PM, CLOUDY CF"
20230730,11:23,NA,9,B4_Py84,pycnopodia_helianthoides,4,MUSP,CHER,489,249,NA,NA,NA,NA,NA,NA,NA,0,NA,0,NA,-80 by 12:05PM
20230730,11:21,NA,9,B12_D110,dermasterias_imbricata,4,MUSP,CHHK,490,250,NA,NA,NA,NA,NA,NA,NA,0,NA,0,NA,-80 by 12:05PM
20230730,11:22,NA,9,B12_Pi132,pisaster_ochraceus,4,MUSP,CHHK,491,251,NA,NA,NA,NA,NA,NA,NA,0,NA,0,NA,-80 by 12:05PM
20230730,11:25,NA,9,B12_Py85,pycnopodia_helianthoides,4,MUSP,CHHK,492,252,NA,NA,NA,NA,NA,NA,NA,0,NA,0,NA,-80 by 12:05PM
20230730,12:09,NA,9,B5_D99,dermasterias_imbricata,4,MUSP,CHER,493,253,NA,NA,NA,NA,NA,NA,NA,0,NA,0,NA,-80 by 1:20pm
20230730,12:10,NA,9,B5_PI116,pisaster_ochraceus,4,MUSP,CHER,494,254,NA,NA,NA,NA,NA,NA,NA,0,NA,0,NA,-80 by 1:20pm
20230730,12:11,NA,9,B5_Py88,pycnopodia_helianthoides,4,MUSP,CHER,495,255,NA,NA,NA,NA,NA,NA,NA,0,NA,0,NA,-80 by 1:20pm
20230730,12:09,NA,9,B13_D112,dermasterias_imbricata,4,MUSP,CHHK,496,256,NA,NA,NA,NA,NA,NA,NA,0,NA,0,NA,"-80 by 1:20pm; not attched to bin, had to hold to get CF, yellow CF"
20230730,12:12,NA,9,B13_Pi134,pisaster_ochraceus,4,MUSP,CHHK,497,257,NA,NA,NA,NA,NA,NA,NA,0,NA,0,NA,-80 by 1:20pm
20230730,12:15,NA,9,B13_Py90,pycnopodia_helianthoides,4,MUSP,CHHK,498,258,NA,NA,NA,NA,NA,NA,NA,0,NA,0,NA,-80 by 1:20pm
20230730,12:22,NA,9,B6_D101,dermasterias_imbricata,4,MUSP,CHER,499,259,NA,NA,NA,NA,NA,NA,NA,0,NA,0,NA,-80 by 1:20pm; CF yellow
20230730,12:23,NA,9,B6_PI118,pisaster_ochraceus,4,MUSP,CHER,500,260,NA,NA,NA,NA,NA,NA,NA,0,NA,0,NA,-80 by 1:20pm
20230730,12:24,NA,9,B6_Py86,pycnopodia_helianthoides,4,MUSP,CHER,501,261,NA,NA,NA,NA,NA,NA,NA,0,NA,0,NA,-80 by 1:20pm
20230730,12:22,NA,9,B14_D103,dermasterias_imbricata,4,MUSP,CHHK,502,262,NA,NA,NA,NA,NA,NA,NA,0,NA,0,NA,-80 by 1:20pm
20230730,12:23,NA,9,B14_Pi123,pisaster_ochraceus,4,MUSP,CHHK,503,263,NA,NA,NA,NA,NA,NA,NA,0,NA,0,NA,-80 by 1:20pm
20230730,12:24,NA,9,B14_Py94,pycnopodia_helianthoides,4,MUSP,CHHK,504,264,NA,NA,NA,NA,NA,NA,NA,0,NA,0,NA,-80 by 1:20pm
20230730,12:32,NA,9,B7_D97,dermasterias_imbricata,4,MUSP,CHER,505,265,NA,NA,NA,NA,NA,NA,NA,0,NA,0,NA,-80 by 1:28pm
20230730,12:33,NA,9,B7_PI122,pisaster_ochraceus,4,MUSP,CHER,506,266,NA,NA,NA,NA,NA,NA,NA,0,NA,0,NA,-80 by 1:28pm
20230730,12:35,NA,9,B7_Py82,pycnopodia_helianthoides,4,MUSP,CHER,507,267,NA,NA,NA,NA,NA,NA,NA,0,NA,0,NA,-80 by 1:28pm
20230730,12:32,NA,9,B15_D109,dermasterias_imbricata,4,MUSP,CHHK,508,268,NA,NA,NA,NA,NA,NA,NA,0,NA,0,NA,-80 by 1:28pm
20230730,12:33,NA,9,B15_Pi117,pisaster_ochraceus,4,MUSP,CHHK,509,269,NA,NA,NA,NA,NA,NA,NA,0,NA,0,NA,-80 by 1:28pm
20230730,12:35,NA,9,B15_Py93,pycnopodia_helianthoides,4,MUSP,CHHK,510,270,NA,NA,NA,NA,NA,NA,NA,0,NA,0,NA,-80 by 1:28pm
20230730,12:45,NA,9,B8_D111,dermasterias_imbricata,4,MUSP,CHER,511,271,NA,NA,NA,NA,NA,NA,NA,0,NA,0,NA,-80 by 1:28pm
20230730,12:46,NA,9,B8_Pi119,pisaster_ochraceus,4,MUSP,CHER,512,272,NA,NA,NA,NA,NA,NA,NA,0,NA,0,NA,-80 by 1:28pm
20230730,12:47,NA,9,B8_Py26,pycnopodia_helianthoides,4,MUSP,CHER,513,273,NA,NA,NA,NA,NA,NA,NA,0,NA,0,NA,-80 by 1:28pm
20230730,12:45,NA,9,B16_D98,dermasterias_imbricata,4,MUSP,CHHK,514,274,NA,NA,NA,NA,NA,NA,NA,0,NA,0,NA,-80 by 1:28pm
20230730,12:46,NA,9,B16_Pi126,pisaster_ochraceus,4,MUSP,CHHK,515,275,NA,NA,NA,NA,NA,NA,NA,0,NA,0,NA,-80 by 1:28pm
20230730,12:47,NA,9,B16_Py95,pycnopodia_helianthoides,4,MUSP,CHHK,516,276,NA,NA,NA,NA,NA,NA,NA,0,NA,0,NA,-80 by 1:28pm
20230802,10:33,NA,12,B1_D105,dermasterias_imbricata,4,MUSP,CHER,517,277,NA,NA,224,224,750,??,NA,0,NA,0,Pisaster twist,"sample CF (Pisaster twist); -80 PSCF 11:29; PSC, PSCS 11:45"
20230802,10:34,NA,12,B1_Pi120,pisaster_ochraceus,4,MUSP,CHER,518,278,NA,NA,225,NA,750,NA,NA,0,NA,1,Pisaster twist,"-80 PSCF 11:29; PSC, PSCS 11:45"
20230802,10:42,NA,12,B1_Py89,pycnopodia_helianthoides,4,MUSP,CHER,519,279,NA,NA,226,NA,750,NA,NA,0,NA,0,Pisaster twist,"threw up brown liquid;  -80 PSCF 11:29; PSC, PSCS 11:45"
20230802,10:32,NA,12,B9_D107,dermasterias_imbricata,4,MUSP,CHHK,520,280,NA,NA,227,227,750,??,NA,0,NA,0,Pisaster twist,"-80 PSCF 11:29; PSC, PSCS 11:45"
20230802,10:34,NA,12,B9_Pi124,pisaster_ochraceus,4,MUSP,CHHK,521,281,NA,NA,228,228,750,??,NA,0,NA,0,Pisaster twist,"-80 PSCF 11:29; PSC, PSCS 11:45"
20230802,10:38,NA,12,B9_Py92,pycnopodia_helianthoides,4,MUSP,CHHK,522,282,NA,NA,229,NA,750,NA,NA,0,NA,0,Pisaster twist,"-80 PSCF 11:29; PSC, PSCS 11:45"
20230802,10:50,NA,12,B2_D104,dermasterias_imbricata,4,MUSP,CHER,523,283,NA,NA,NA,NA,NA,NA,NA,0,NA,0,NA,-80 11:45
20230802,10:51,NA,12,B2_Pi128,pisaster_ochraceus,4,MUSP,CHER,524,284,NA,NA,NA,NA,NA,NA,NA,0,NA,0,NA,-80 11:45
20230802,10:53,NA,12,B2_Py83,pycnopodia_helianthoides,4,MUSP,CHER,525,285,NA,NA,NA,NA,NA,NA,NA,0,NA,0,NA,-80 11:45
20230802,10:47,NA,12,B10_D113,dermasterias_imbricata,4,MUSP,CHHK,526,286,NA,NA,NA,NA,NA,NA,NA,0,NA,0,NA,-80 11:45
20230802,10:48,NA,12,B10_Pi127,pisaster_ochraceus,4,MUSP,CHHK,527,287,NA,NA,NA,NA,NA,NA,NA,0,NA,0,NA,-80 11:45
20230802,10:50,NA,12,B10_Py86,pycnopodia_helianthoides,4,MUSP,CHHK,528,288,NA,NA,NA,NA,NA,NA,NA,0,NA,0,NA,-80 11:45
20230802,11:00,NA,12,B3_D100,dermasterias_imbricata,4,MUSP,CHER,529,289,NA,NA,NA,NA,NA,NA,NA,0,NA,0,NA,-80 by 11:51
20230802,11:01,NA,12,B3_Pi131,pisaster_ochraceus,4,MUSP,CHER,530,290,NA,NA,NA,NA,NA,NA,NA,0,NA,0,NA,-80 by 11:51
20230802,11:03,NA,12,B3_Py91,pycnopodia_helianthoides,4,MUSP,CHER,531,291,NA,NA,NA,NA,NA,NA,NA,0,NA,0,NA,-80 by 11:51
20230802,10:59,NA,12,B11_D114,dermasterias_imbricata,4,MUSP,CHHK,532,292,NA,NA,NA,NA,NA,NA,NA,0,NA,0,NA,-80 by 11:51
20230802,11:00,NA,12,B11_Pi130,pisaster_ochraceus,4,MUSP,CHHK,533,293,NA,NA,NA,NA,NA,NA,NA,0,NA,0,NA,-80 by 11:51
20230802,11:02,NA,12,B11_Py81,pycnopodia_helianthoides,4,MUSP,CHHK,534,294,NA,NA,NA,NA,NA,NA,NA,0,NA,0,NA,-80 by 11:51
20230802,11:11,NA,12,B4_D106,dermasterias_imbricata,4,MUSP,CHER,535,295,NA,NA,NA,NA,NA,NA,NA,0,NA,0,NA,-80 by 11:51
20230802,11:12,NA,12,B4_Pi121,pisaster_ochraceus,4,MUSP,CHER,536,296,NA,NA,NA,NA,NA,NA,NA,0,NA,0,NA,-80 by 11:51
20230802,11:14,NA,12,B4_Py84,pycnopodia_helianthoides,4,MUSP,CHER,537,297,NA,NA,NA,NA,NA,NA,NA,0,NA,0,NA,-80 by 11:51
20230802,11:11,NA,12,B12_D110,dermasterias_imbricata,4,MUSP,CHHK,538,298,NA,NA,NA,NA,NA,NA,NA,0,NA,0,NA,-80 by 11:51
20230802,11:12,NA,12,B12_Pi132,pisaster_ochraceus,4,MUSP,CHHK,539,299,NA,NA,NA,NA,NA,NA,NA,0,NA,0,NA,-80 by 11:51
20230802,11:14,NA,12,B12_Py85,pycnopodia_helianthoides,4,MUSP,CHHK,540,300,NA,NA,NA,NA,NA,NA,NA,0,NA,0,NA,-80 by 11:51
20230802,11:58,NA,12,B5_D99,dermasterias_imbricata,4,MUSP,CHER,541,301,NA,NA,NA,NA,NA,NA,NA,0,NA,0,NA,-80 by 13:09
20230802,11:59,NA,12,B5_PI116,pisaster_ochraceus,4,MUSP,CHER,542,302,NA,NA,NA,NA,NA,NA,NA,0,NA,0,NA,-80 by 13:09
20230802,12:00,NA,12,B5_Py88,pycnopodia_helianthoides,4,MUSP,CHER,543,303,NA,NA,NA,NA,NA,NA,NA,0,NA,0,NA,-80 by 13:09
20230802,11:56,NA,12,B13_D112,dermasterias_imbricata,4,MUSP,CHHK,544,304,NA,NA,NA,NA,NA,NA,NA,0,NA,0,NA,-80 by 13:09
20230802,11:58,NA,12,B13_Pi134,pisaster_ochraceus,4,MUSP,CHHK,545,305,NA,NA,NA,NA,NA,NA,NA,0,NA,0,NA,-80 by 13:09
20230802,11:59,NA,12,B13_Py90,pycnopodia_helianthoides,4,MUSP,CHHK,546,306,NA,NA,NA,NA,NA,NA,NA,0,NA,0,NA,-80 by 13:09
20230802,12:08,NA,12,B6_D101,dermasterias_imbricata,4,MUSP,CHER,547,307,NA,NA,NA,NA,NA,NA,NA,0,NA,0,NA,-80 by 13:09
20230802,12:09,NA,12,B6_PI118,pisaster_ochraceus,4,MUSP,CHER,548,308,NA,NA,NA,NA,NA,NA,NA,0,NA,0,NA,-80 by 13:09
20230802,12:11,NA,12,B6_Py86,pycnopodia_helianthoides,4,MUSP,CHER,549,309,NA,NA,NA,NA,NA,NA,NA,0,NA,0,NA,-80 by 13:09
20230802,12:07,NA,12,B14_D103,dermasterias_imbricata,4,MUSP,CHHK,550,310,NA,NA,NA,NA,NA,NA,NA,0,NA,0,NA,-80 by 13:09
20230802,12:08,NA,12,B14_Pi123,pisaster_ochraceus,4,MUSP,CHHK,551,311,NA,NA,NA,NA,NA,NA,NA,0,NA,0,NA,-80 by 13:09
20230802,12:09,NA,12,B14_Py94,pycnopodia_helianthoides,4,MUSP,CHHK,552,312,NA,NA,NA,NA,NA,NA,NA,0,NA,0,NA,-80 by 13:09
20230802,12:15,NA,12,B7_D97,dermasterias_imbricata,4,MUSP,CHER,553,313,NA,NA,NA,NA,NA,NA,NA,0,NA,0,NA,-80 by 13:09
20230802,12:17,NA,12,B7_PI122,pisaster_ochraceus,4,MUSP,CHER,554,314,NA,NA,NA,NA,NA,NA,NA,0,NA,0,NA,-80 by 13:09
20230802,12:18,NA,12,B7_Py82,pycnopodia_helianthoides,4,MUSP,CHER,555,315,NA,NA,NA,NA,NA,NA,NA,0,NA,0,NA,-80 by 13:09
20230802,12:15,NA,12,B15_D109,dermasterias_imbricata,4,MUSP,CHHK,556,316,NA,NA,NA,NA,NA,NA,NA,0,NA,0,NA,-80 by 13:09
20230802,12:16,NA,12,B15_Pi117,pisaster_ochraceus,4,MUSP,CHHK,557,317,NA,NA,NA,NA,NA,NA,NA,0,NA,0,NA,-80 by 13:09; yellow CF
20230802,12:20,NA,12,B15_PY93,pycnopodia_helianthoides,4,MUSP,CHHK,558,318,NA,NA,NA,NA,NA,NA,NA,0,NA,0,NA,-80 by 13:09
20230802,12:24,NA,12,B8_D111,dermasterias_imbricata,4,MUSP,CHER,559,319,NA,NA,NA,NA,NA,NA,NA,0,NA,0,NA,-80 by 13:09
20230802,12:25,NA,12,B8_Pi119,pisaster_ochraceus,4,MUSP,CHER,560,320,NA,NA,NA,NA,NA,NA,NA,0,NA,0,NA,-80 by 13:09
20230802,12:27,NA,12,B8_Py26,pycnopodia_helianthoides,4,MUSP,CHER,561,321,NA,NA,NA,NA,NA,NA,NA,0,NA,0,NA,-80 by 13:09
20230802,12:25,NA,12,B16_D98,dermasterias_imbricata,4,MUSP,CHHK,562,322,NA,NA,NA,NA,NA,NA,NA,0,NA,0,NA,-80 by 13:09
20230802,12:26,NA,12,B16_Pi126,pisaster_ochraceus,4,MUSP,CHHK,563,323,NA,NA,NA,NA,NA,NA,NA,0,NA,0,NA,-80 by 13:09
20230802,12:28,NA,12,B16_Py95,pycnopodia_helianthoides,4,MUSP,CHHK,564,324,NA,NA,NA,NA,NA,NA,NA,0,NA,0,NA,-80 by 13:09
20230805,11:11,NA,15,B1_D105,dermasterias_imbricata,4,MUSP,CHER,565,325,NA,NA,231,NA,750,NA,NA,0,NA,0,NA,PSCF -80 12:28; PSC/PSCS -80 12:45
20230805,11:14,NA,15,B1_Pi120,pisaster_ochraceus,4,MUSP,CHER,566,326,83,84,232,NA,750,NA,NA,1,MUSPA_001,3,first arm drop,PSCF -80 12:28; PSC/PSCS -80 12:45; arm melting off
20230805,11:20,NA,15,B1_Py89,pycnopodia_helianthoides,4,MUSP,CHER,567,327,NA,NA,233,NA,750,NA,NA,0,NA,0,<25% twist,PSCF -80 12:28; PSC/PSCS -80 12:45; one arm twisted
20230805,11:11,NA,15,B9_D107,dermasterias_imbricata,4,MUSP,CHHK,568,328,NA,NA,234,NA,750,NA,NA,0,NA,0,NA,PSCF -80 12:28; PSC/PSCS -80 12:45
20230805,11:14,NA,15,B9_Pi124,pisaster_ochraceus,4,MUSP,CHHK,569,329,85,86,235,NA,750,NA,NA,0,NA,0,NA,PSCF -80 12:28; PSC/PSCS -80 12:45
20230805,11:17,NA,15,B9_Py92,pycnopodia_helianthoides,4,MUSP,CHHK,570,330,NA,NA,236,NA,750,NA,NA,0,NA,0,NA,PSCF -80 12:28; PSC/PSCS -80 12:45
20230805,11:31,NA,15,B2_D104,dermasterias_imbricata,4,MUSP,CHER,571,331,NA,NA,237,237,750,NA,NA,0,NA,0,NA,PSCF -80 12:28; PSC/PSCS -80 12:45
20230805,11:28,NA,15,B2_Pi128,pisaster_ochraceus,4,MUSP,CHER,572,332,NA,NA,238,238,750,NA,NA,0,NA,0,NA,PSCF -80 12:28; PSC/PSCS -80 12:45
20230805,11:36,NA,15,B2_Py83,pycnopodia_helianthoides,4,MUSP,CHER,573,333,NA,NA,239,NA,750,NA,NA,2,MUSPA_002,3,first arm drop,PSCF -80 12:28; PSC/PSCS -80 12:45; dropped 2 arms while sampling; had 4 arms twisted yesterday
20230805,11:26,NA,15,B10_D113,dermasterias_imbricata,4,MUSP,CHHK,574,334,NA,NA,240,NA,750,NA,NA,0,NA,0,NA,PSCF -80 12:28; PSC/PSCS -80 12:45
20230805,11:28,NA,15,B10_Pi127,pisaster_ochraceus,4,MUSP,CHHK,575,335,NA,NA,241,NA,750,NA,NA,0,NA,0,NA,PSCF -80 12:28; PSC/PSCS -80 12:45
20230805,11:29,NA,15,B10_Py86,pycnopodia_helianthoides,4,MUSP,CHHK,576,336,NA,NA,242,NA,750,NA,NA,0,NA,0,NA,PSCF -80 12:28; PSC/PSCS -80 12:45
20230805,11:46,NA,15,B3_D100,dermasterias_imbricata,4,MUSP,CHER,577,337,NA,NA,NA,NA,NA,NA,NA,0,NA,0,NA,PSCF -80 12:28; PSC/PSCS -80 12:45
20230805,11:49,NA,15,B3_Pi131,pisaster_ochraceus,4,MUSP,CHER,578,338,NA,NA,NA,NA,NA,NA,NA,0,NA,0,NA,PSCF -80 12:28; PSC/PSCS -80 12:45
20230805,11:51,NA,15,B3_Py91,pycnopodia_helianthoides,4,MUSP,CHER,579,339,NA,NA,NA,NA,NA,NA,NA,0,NA,0,NA,PSCF -80 12:28; PSC/PSCS -80 12:45
20230805,11:40,NA,15,B11_D114,dermasterias_imbricata,4,MUSP,CHHK,580,340,NA,NA,NA,NA,NA,NA,NA,0,NA,0,NA,PSCF -80 12:28; PSC/PSCS -80 12:45
20230805,11:41,NA,15,B11_Pi130,pisaster_ochraceus,4,MUSP,CHHK,581,341,NA,NA,NA,NA,NA,NA,NA,0,NA,0,NA,PSCF -80 12:28; PSC/PSCS -80 12:45
20230805,11:45,NA,15,B11_Py81,pycnopodia_helianthoides,4,MUSP,CHHK,582,342,NA,NA,NA,NA,NA,NA,NA,0,NA,0,NA,PSCF -80 12:28; PSC/PSCS -80 12:45
20230805,11:59,NA,15,B4_D106,dermasterias_imbricata,4,MUSP,CHER,583,343,NA,NA,243,243,750,?,NA,0,NA,0,NA,PSCF -80 12:28; PSC/PSCS -80 12:45
20230805,12:01,NA,15,B4_Pi121,pisaster_ochraceus,4,MUSP,CHER,584,344,NA,NA,244,NA,750,NA,NA,0,NA,0,NA,PSCF -80 12:28; PSC/PSCS -80 12:45
20230805,12:03,NA,15,B4_Py84,pycnopodia_helianthoides,4,MUSP,CHER,585,345,NA,NA,245,NA,750,NA,NA,0,NA,0,NA,PSCF -80 12:28; PSC/PSCS -80 12:45; 1 arm twist yesterday
20230805,11:54,NA,15,B12_D110,dermasterias_imbricata,4,MUSP,CHHK,586,346,NA,NA,246,NA,750,NA,NA,0,NA,0,NA,PSCF -80 12:28; PSC/PSCS -80 12:45
20230805,11:56,NA,15,B12_Pi132,pisaster_ochraceus,4,MUSP,CHHK,587,347,NA,NA,247,247,750,?,NA,0,NA,0,NA,PSCF -80 12:28; PSC/PSCS -80 12:45
20230805,11:58,NA,15,B12_Py85,pycnopodia_helianthoides,4,MUSP,CHHK,588,348,NA,NA,248,NA,750,NA,NA,0,NA,0,NA,PSCF -80 12:28; PSC/PSCS -80 12:45
20230805,12:50,NA,15,B5_D99,dermasterias_imbricata,4,MUSP,CHER,589,349,NA,NA,249,NA,750,NA,NA,0,NA,0,NA,PSCF -80 at 14:06; PSC/PSCS -80 at 14:20
20230805,12:52,NA,15,B5_PI116,pisaster_ochraceus,4,MUSP,CHER,590,350,NA,NA,250,NA,750,NA,NA,0,NA,0,NA,PSCF -80 at 14:06; PSC/PSCS -80 at 14:20
20230805,12:54,NA,15,B5_Py88,pycnopodia_helianthoides,4,MUSP,CHER,591,351,NA,NA,251,NA,750,NA,NA,0,NA,1,<25% twist,PSCF -80 at 14:06; PSC/PSCS -80 at 14:20
20230805,12:50,NA,15,B13_D112,dermasterias_imbricata,4,MUSP,CHHK,592,352,NA,NA,252,NA,750,NA,NA,0,NA,0,NA,PSCF -80 at 14:06; PSC/PSCS -80 at 14:20
20230805,12:52,NA,15,B13_Pi134,pisaster_ochraceus,4,MUSP,CHHK,593,353,NA,NA,253,NA,750,NA,NA,0,NA,0,NA,PSCF -80 at 14:06; PSC/PSCS -80 at 14:20
20230805,12:54,NA,15,B13_Py90,pycnopodia_helianthoides,4,MUSP,CHHK,594,354,NA,NA,254,NA,750,NA,NA,0,NA,0,NA,PSCF -80 at 14:06; PSC/PSCS -80 at 14:20
20230805,13:07,NA,15,B6_D101,dermasterias_imbricata,4,MUSP,CHER,595,355,NA,NA,255,NA,,NA,NA,0,NA,0,NA,PSCF -80 at 14:06; PSC/PSCS -80 at 14:20
20230805,13:09,NA,15,B6_PI118,pisaster_ochraceus,4,MUSP,CHER,596,356,NA,NA,256,NA,,NA,NA,0,NA,0,NA,PSCF -80 at 14:06; PSC/PSCS -80 at 14:20
20230805,13:12,NA,15,B6_Py86,pycnopodia_helianthoides,4,MUSP,CHER,597,357,NA,NA,257,NA,,NA,NA,0,NA,1,<25% twist,"PSCF -80 at 14:06; PSC/PSCS -80 at 14:20; had 1 arm twisted at time of sampling, so sampled for CF, too"
20230805,13:15,NA,15,B6_FHPy45,pycnopodia_helianthoides,4,MUSP,ERCF,598,358,NA,NA,258,NA,,NA,NA,0,NA,0,NA,"PSCF -80 at 14:06; PSC/PSCS -80 at 14:20; sampled because might re-inject since no disease signs... but now that wild pycno looks iffy, might wait a bit longer"
20230805,13:07,NA,15,B14_D103,dermasterias_imbricata,4,MUSP,CHHK,599,359,NA,NA,259,NA,,NA,NA,0,NA,0,NA,PSCF -80 at 14:06; PSC/PSCS -80 at 14:20
20230805,13:09,NA,15,B14_Pi123,pisaster_ochraceus,4,MUSP,CHHK,600,360,NA,NA,260,NA,,NA,NA,0,NA,0,NA,PSCF -80 at 14:06; PSC/PSCS -80 at 14:20
20230805,13:12,NA,15,B14_Py94,pycnopodia_helianthoides,4,MUSP,CHHK,601,361,NA,NA,261,NA,,NA,NA,0,NA,0,NA,PSCF -80 at 14:06; PSC/PSCS -80 at 14:38
20230805,13:17,NA,15,B14_FHPy47,pycnopodia_helianthoides,4,MUSP,HKCF,602,362,NA,NA,262,NA,,NA,NA,0,NA,0,NA,PSCF -80 at 14:06; PSC/PSCS -80 at 14:38
20230805,13:24,NA,15,B7_D97,dermasterias_imbricata,4,MUSP,CHER,603,363,NA,NA,NA,NA,NA,NA,NA,0,NA,0,NA,PSCF -80 at 14:06; PSC/PSCS -80 at 14:38
20230805,13:25,NA,15,B7_PI122,pisaster_ochraceus,4,MUSP,CHER,604,364,NA,NA,NA,NA,NA,NA,NA,0,NA,0,NA,PSCF -80 at 14:06; PSC/PSCS -80 at 14:38
20230805,13:26,NA,15,B7_Py82,pycnopodia_helianthoides,4,MUSP,CHER,605,365,NA,NA,NA,NA,NA,NA,NA,0,NA,0,NA,PSCF -80 at 14:06; PSC/PSCS -80 at 14:38
20230805,13:27,NA,15,B7_FHPy43,pycnopodia_helianthoides,4,MUSP,ERCF,606,366,NA,NA,NA,NA,NA,NA,NA,0,NA,0,NA,PSCF -80 at 14:06; PSC/PSCS -80 at 14:38
20230805,13:25,NA,15,B15_D109,dermasterias_imbricata,4,MUSP,CHHK,607,367,NA,NA,NA,NA,NA,NA,NA,0,NA,0,NA,PSCF -80 at 14:06; PSC/PSCS -80 at 14:38
20230805,13:26,NA,15,B15_Pi117,pisaster_ochraceus,4,MUSP,CHHK,608,368,NA,NA,NA,NA,NA,NA,NA,0,NA,0,NA,PSCF -80 at 14:06; PSC/PSCS -80 at 14:38
20230805,13:27,NA,15,B15_PY93,pycnopodia_helianthoides,4,MUSP,CHHK,609,369,NA,NA,NA,NA,NA,NA,NA,0,NA,0,NA,PSCF -80 at 14:06; PSC/PSCS -80 at 14:38
20230805,13:29,NA,15,B15_FHPy48,pycnopodia_helianthoides,4,MUSP,HKCF,610,370,NA,NA,NA,NA,NA,NA,NA,0,NA,0,NA,PSCF -80 at 14:06; PSC/PSCS -80 at 14:38
20230805,13:37,NA,15,B8_D111,dermasterias_imbricata,4,MUSP,CHER,611,371,NA,NA,263,263,NA,NA,NA,0,NA,0,NA,PSCF -80 at 14:06; PSC/PSCS -80 at 14:38
20230805,13:39,NA,15,B8_Pi119,pisaster_ochraceus,4,MUSP,CHER,612,372,NA,NA,264,NA,NA,NA,NA,0,NA,0,NA,PSCF -80 at 14:06; PSC/PSCS -80 at 14:38; remove pisaster from tubing 
20230805,13:43,NA,15,B8_Py26,pycnopodia_helianthoides,4,MUSP,CHER,613,373,NA,NA,265,NA,NA,NA,NA,14,MUSPA_003,4,first arm drop,PSCF SAMPLE DOES NOT EXIST not enough for  CF; PSC/PSCS -80 at 14:38; pycno dropped 14 arms total
20230805,13:36,NA,15,B16_D98,dermasterias_imbricata,4,MUSP,CHHK,614,374,NA,NA,266,266,NA,NA,NA,0,NA,0,NA,PSCF -80 at 14:06; PSC/PSCS -80 at 14:38
20230805,13:37,NA,15,B16_Pi126,pisaster_ochraceus,4,MUSP,CHHK,615,375,NA,NA,267,NA,NA,NA,NA,0,NA,0,NA,PSCF -80 at 14:06; PSC/PSCS -80 at 14:38
20230805,13:39,NA,15,B16_Py95,pycnopodia_helianthoides,4,MUSP,CHHK,616,376,NA,NA,268,NA,NA,NA,NA,0,NA,0,NA,PSCF -80 at 14:06; PSC/PSCS -80 at 14:38
20230806,11:09,NA,16,B5_Py88,pycnopodia_helianthoides,4,MUSP,CHER,NA,NA,NA,NA,NA,NA,NA,NA,NA,NA,MUSPA_004,3,first arm drop,-80 at 11:11
20230807,8:45,NA,17,B1_Py89,pycnopodia_helianthoides,4,MUSP,CHER,NA,NA,NA,NA,NA,NA,NA,NA,NA,NA,MUSPA_005,3,first arm drop,-80 at 8:47a
20230807,8:45,NA,17,B4_Py84,pycnopodia_helianthoides,4,MUSP,CHER,NA,NA,NA,NA,NA,NA,NA,NA,NA,NA,MUSPA_006,3,first arm drop,-80 at 8:47a
20230808,12:44,NA,18,B1_D105,dermasterias_imbricata,4,MUSP,CHER,617,377,NA,NA,269,NA,,NA,NA,NA,NA,0,NA,PSCF -80 at 13:42; PSC/PSCS -80 at 14:05
20230808,12:46,NA,18,B1_Py89,pycnopodia_helianthoides,4,MUSP,CHER,618,378,87,88,270,NA,,NA,NA,3,NA,3,first arm drop,PSCF -80 at 13:42; PSC/PSCS -80 at 14:05; no sample for PSCF 270 or PSCS 378
20230808,12:44,NA,18,B9_D107,dermasterias_imbricata,4,MUSP,CHHK,619,379,NA,NA,271,NA,,NA,NA,NA,NA,0,NA,PSCF -80 at 13:42; PSC/PSCS -80 at 14:05
20230808,12:46,NA,18,B9_Pi124,pisaster_ochraceus,4,MUSP,CHHK,620,380,NA,NA,272,NA,,NA,NA,NA,NA,0,NA,PSCF -80 at 13:42; PSC/PSCS -80 at 14:05
20230808,12:49,NA,18,B9_Py92,pycnopodia_helianthoides,4,MUSP,CHHK,621,381,89,90,273,NA,,NA,NA,NA,NA,0,NA,PSCF -80 at 13:42; PSC/PSCS -80 at 14:05
20230808,12:58,NA,18,B2_D104,dermasterias_imbricata,4,MUSP,CHER,622,382,NA,NA,NA,NA,NA,NA,NA,NA,NA,0,NA,PSCF -80 at 13:42; PSC/PSCS -80 at 14:05
20230808,12:58,NA,18,B10_D113,dermasterias_imbricata,4,MUSP,CHHK,623,383,NA,NA,NA,NA,NA,NA,NA,NA,NA,0,NA,PSCF -80 at 13:42; PSC/PSCS -80 at 14:05
20230808,13:00,NA,18,B10_Pi127,pisaster_ochraceus,4,MUSP,CHHK,624,384,NA,NA,NA,NA,NA,NA,NA,NA,NA,0,NA,PSCF -80 at 13:42; PSC/PSCS -80 at 14:05
20230808,13:02,NA,18,B10_Py86,pycnopodia_helianthoides,4,MUSP,CHHK,625,385,NA,NA,NA,NA,NA,NA,NA,NA,NA,0,NA,PSCF -80 at 13:42; PSC/PSCS -80 at 14:05
20230808,13:11,NA,18,B3_D100,dermasterias_imbricata,4,MUSP,CHER,626,386,NA,NA,274,NA,,NA,NA,NA,NA,0,NA,PSCF -80 at 13:42; PSC/PSCS -80 at 14:05
20230808,13:14,NA,18,B3_Pi131,pisaster_ochraceus,4,MUSP,CHER,627,387,NA,NA,275,NA,,NA,NA,NA,NA,0,NA,PSCF -80 at 13:42; PSC/PSCS -80 at 14:05
20230808,13:16,NA,18,B3_Py91,pycnopodia_helianthoides,4,MUSP,CHER,628,388,NA,NA,276,NA,,NA,NA,NA,NA,1,NA,pycno at sampling time had 1 arm twist and 4 arms crossed; PSCF -80 at 13:42; PSC/PSCS -80 at 14:05
20230808,13:11,NA,18,B11_D114,dermasterias_imbricata,4,MUSP,CHHK,629,389,NA,NA,277,NA,,NA,NA,NA,NA,0,NA,PSCF -80 at 13:42; PSC/PSCS -80 at 14:05
20230808,13:14,NA,18,B11_Pi130,pisaster_ochraceus,4,MUSP,CHHK,630,390,NA,NA,278,NA,,NA,NA,NA,NA,0,NA,PSCF -80 at 13:42; PSC/PSCS -80 at 14:05
20230808,13:16,NA,18,B11_Py81,pycnopodia_helianthoides,4,MUSP,CHHK,631,391,NA,NA,279,NA,,NA,NA,NA,NA,0,NA,PSCF -80 at 13:42; PSC/PSCS -80 at 14:05
20230808,13:25,NA,18,B4_D106,dermasterias_imbricata,4,MUSP,CHER,632,392,NA,NA,NA,NA,NA,NA,NA,NA,NA,0,NA,PSCF -80 at 13:42; PSC/PSCS -80 at 14:05
20230808,13:26,NA,18,B4_Pi121,pisaster_ochraceus,4,MUSP,CHER,633,393,NA,NA,NA,NA,NA,NA,NA,NA,NA,0,NA,PSCF -80 at 13:42; PSC/PSCS -80 at 14:05
20230808,13:25,NA,18,B12_D110,dermasterias_imbricata,4,MUSP,CHHK,634,394,NA,NA,NA,NA,NA,NA,NA,NA,NA,0,NA,PSCF -80 at 13:42; PSC/PSCS -80 at 14:05
20230808,13:26,NA,18,B12_Pi132,pisaster_ochraceus,4,MUSP,CHHK,635,395,NA,NA,NA,NA,NA,NA,NA,NA,NA,0,NA,yellow CF; PSCF -80 at 13:42; PSC/PSCS -80 at 14:05
20230808,13:29,NA,18,B12_Py85,pycnopodia_helianthoides,4,MUSP,CHHK,636,396,NA,NA,NA,NA,NA,NA,NA,NA,NA,0,NA,PSCF -80 at 13:42; PSC/PSCS -80 at 14:05
20230808,14:22,NA,18,B5_D99,dermasterias_imbricata,4,MUSP,CHER,637,397,NA,NA,280,NA,,NA,NA,NA,NA,0,NA,PSCF -80 15:23; PSC/PSCS -80 15:47
20230808,14:24,NA,18,B5_PI116,pisaster_ochraceus,4,MUSP,CHER,638,398,NA,NA,281,NA,,NA,NA,NA,NA,1?,arm twist,"one arm crossed, rest bunched up; PSCF -80 15:23; PSC/PSCS -80 15:47"
20230808,14:23,NA,18,B13_D112,dermasterias_imbricata,4,MUSP,CHHK,639,399,NA,NA,282,NA,,NA,NA,NA,NA,0,NA,PSCF -80 15:23; PSC/PSCS -80 15:47
20230808,14:26,NA,18,B13_Pi134,pisaster_ochraceus,4,MUSP,CHHK,640,400,NA,NA,283,NA,,NA,NA,NA,NA,0,NA,PSCF -80 15:23; PSC/PSCS -80 15:47
20230808,14:30,NA,18,B13_Py90,pycnopodia_helianthoides,4,MUSP,CHHK,641,401,NA,NA,284,NA,,NA,NA,NA,NA,0,NA,PSCF -80 15:23; PSC/PSCS -80 15:47
20230808,14:36,NA,18,B6_D101,dermasterias_imbricata,4,MUSP,CHER,642,402,NA,NA,NA,NA,NA,NA,NA,NA,NA,0,NA,PSCF -80 15:23; PSC/PSCS -80 15:47
20230808,14:37,NA,18,B6_PI118,pisaster_ochraceus,4,MUSP,CHER,643,403,NA,NA,NA,NA,NA,NA,NA,NA,NA,0,NA,PSCF -80 15:23; PSC/PSCS -80 15:47
20230808,14:38,NA,18,B6_Py86,pycnopodia_helianthoides,4,MUSP,CHER,644,404,NA,NA,NA,NA,NA,NA,NA,NA,NA,0,NA,PSCF -80 15:23; PSC/PSCS -80 15:47
20230808,14:37,NA,18,B14_D103,dermasterias_imbricata,4,MUSP,CHHK,645,405,NA,NA,NA,NA,NA,NA,NA,NA,NA,0,NA,PSCF -80 15:23; PSC/PSCS -80 15:47
20230808,14:38,NA,18,B14_Pi123,pisaster_ochraceus,4,MUSP,CHHK,646,406,NA,NA,NA,NA,NA,NA,NA,NA,NA,0,NA,PSCF -80 15:23; PSC/PSCS -80 15:47
20230808,14:41,NA,18,B14_Py94,pycnopodia_helianthoides,4,MUSP,CHHK,647,407,NA,NA,NA,NA,NA,NA,NA,NA,NA,0,NA,PSCF -80 15:23; PSC/PSCS -80 15:47
20230808,14:49,NA,18,B7_D97,dermasterias_imbricata,4,MUSP,CHER,648,408,NA,NA,285,NA,,NA,NA,NA,NA,0,NA,PSCF -80 15:23; PSC/PSCS -80 15:47
20230808,14:51,NA,18,B7_PI122,pisaster_ochraceus,4,MUSP,CHER,649,409,NA,NA,286,NA,,NA,NA,NA,NA,0,NA,PSCF -80 15:23; PSC/PSCS -80 15:47
20230808,14:54,NA,18,B7_Py82,pycnopodia_helianthoides,4,MUSP,CHER,650,410,NA,NA,287,NA,,NA,NA,NA,NA,1?,arm twist,"PSCF -80 15:23; PSC/PSCS -80 15:47; before sample, had one arm that was next to FH star that was curled, at sampling time, 2 arms folded across body and the madreporite was weirdly inflated"
20230808,14:48,NA,18,B15_D109,dermasterias_imbricata,4,MUSP,CHHK,651,411,NA,NA,288,NA,,NA,NA,NA,NA,0,NA,PSCF -80 15:23; PSC/PSCS -80 15:47
20230808,14:50,NA,18,B15_Pi117,pisaster_ochraceus,4,MUSP,CHHK,652,412,NA,NA,289,NA,,NA,NA,NA,NA,0,NA,PSCF -80 15:23; PSC/PSCS -80 15:47
20230808,14:52,NA,18,B15_PY93,pycnopodia_helianthoides,4,MUSP,CHHK,653,413,NA,NA,290,NA,,NA,NA,NA,NA,0,NA,PSCF -80 15:23; PSC/PSCS -80 15:47
20230808,15:01,NA,18,B8_D111,dermasterias_imbricata,4,MUSP,CHER,654,414,NA,NA,NA,NA,NA,NA,NA,NA,NA,0,NA,PSCF -80 15:23; PSC/PSCS -80 15:47
20230808,15:02,NA,18,B8_Pi119,pisaster_ochraceus,4,MUSP,CHER,655,415,NA,NA,NA,NA,NA,NA,NA,NA,NA,0,NA,PSCF -80 15:23; PSC/PSCS -80 15:47
20230808,15:01,NA,18,B16_D98,dermasterias_imbricata,4,MUSP,CHHK,656,416,NA,NA,NA,NA,NA,NA,NA,NA,NA,0,NA,PSCF -80 15:23; PSC/PSCS -80 15:47
20230808,15:02,NA,18,B16_Pi126,pisaster_ochraceus,4,MUSP,CHHK,657,417,NA,NA,NA,NA,NA,NA,NA,NA,NA,0,NA,PSCF -80 15:23; PSC/PSCS -80 15:47
20230808,15:06,NA,18,B16_Py95,pycnopodia_helianthoides,4,MUSP,CHHK,658,418,NA,NA,NA,NA,NA,NA,NA,NA,NA,0,NA,PSCF -80 15:23; PSC/PSCS -80 15:47
20230811,10:04,NA,21,B1_D105,dermasterias_imbricata,4,MUSP,CHER,665,425,NA,NA,NA,NA,NA,NA,NA,0,NA,0,NA,PSC/PSCS -80 at 11:15
20230811,10:04,NA,21,B9_D107,dermasterias_imbricata,4,MUSP,CHHK,666,426,NA,NA,NA,NA,NA,NA,NA,0,NA,0,NA,PSC/PSCS -80 at 11:15
20230811,10:05,NA,21,B9_Pi124,pisaster_ochraceus,4,MUSP,CHHK,667,427,NA,NA,NA,NA,NA,NA,NA,0,NA,0,NA,PSC/PSCS -80 at 11:15
20230811,10:07,NA,21,B9_Py92,pycnopodia_helianthoides,4,MUSP,CHHK,668,428,NA,NA,NA,NA,NA,NA,NA,0,NA,0,NA,PSC/PSCS -80 at 11:15
20230811,10:11,NA,21,B2_D104,dermasterias_imbricata,4,MUSP,CHER,669,429,NA,NA,NA,NA,NA,NA,NA,0,NA,0,NA,PSC/PSCS -80 at 11:15
20230811,10:12,NA,21,B10_D113,dermasterias_imbricata,4,MUSP,CHHK,670,430,NA,NA,NA,NA,NA,NA,NA,0,NA,0,NA,PSC/PSCS -80 at 11:15
20230811,10:13,NA,21,B10_Pi127,pisaster_ochraceus,4,MUSP,CHHK,671,431,NA,NA,NA,NA,NA,NA,NA,0,NA,0,NA,PSC/PSCS -80 at 11:15
20230811,10:14,NA,21,B10_Py86,pycnopodia_helianthoides,4,MUSP,CHHK,672,432,NA,NA,NA,NA,NA,NA,NA,0,NA,0,NA,PSC/PSCS -80 at 11:15
20230811,10:21,NA,21,B3_D100,dermasterias_imbricata,4,MUSP,CHER,673,433,NA,NA,309,NA,,NA,NA,0,NA,0,NA,PSC/PSCS -80 at 11:15' PSCF -80 AT 10:56
20230811,10:22,NA,21,B3_Pi131,pisaster_ochraceus,4,MUSP,CHER,674,434,NA,NA,310,NA,,NA,NA,0,NA,1,>25% twist,PSC/PSCS -80 at 11:15' PSCF -80 AT 10:56; PSCF 310 DOES NOT EXIST
20230811,10:27,NA,21,B3_Py91,pycnopodia_helianthoides,4,MUSP,CHER,675,435,NA,NA,311,NA,,NA,NA,1,MUSPA_008,3,first arm drop,PSC/PSCS -80 at 11:15' PSCF -80 AT 10:56 PSCF 311 DOES NOT EXIST; pscs 435 does not exist
20230811,10:21,NA,21,B11_D114,dermasterias_imbricata,4,MUSP,CHHK,676,436,NA,NA,312,312,,NA,NA,0,NA,0,NA,PSC/PSCS -80 at 11:15' PSCF -80 AT 10:56
20230811,10:22,NA,21,B11_Pi130,pisaster_ochraceus,4,MUSP,CHHK,677,437,NA,NA,313,NA,,NA,NA,0,NA,0,NA,PSC/PSCS -80 at 11:15' PSCF -80 AT 10:56
20230811,10:25,NA,21,B11_Py81,pycnopodia_helianthoides,4,MUSP,CHHK,678,438,NA,NA,314,NA,,NA,NA,0,NA,0,NA,PSC/PSCS -80 at 11:15' PSCF -80 AT 10:56
20230811,10:35,NA,21,B4_D106,dermasterias_imbricata,4,MUSP,CHER,679,439,NA,NA,315,NA,,NA,NA,0,NA,0,NA,PSC/PSCS -80 at 11:15' PSCF -80 AT 10:56
20230811,10:42,NA,21,B4_Pi121,pisaster_ochraceus,4,MUSP,CHER,680,440,NA,NA,316,NA,,NA,NA,0,NA,1,lesion,PSC/PSCS -80 at 11:15' PSCF -80 AT 10:56; PSCF 316  DOES NOT EXIST
20230811,10:33,NA,21,B12_D110,dermasterias_imbricata,4,MUSP,CHHK,681,441,NA,NA,317,NA,,NA,NA,0,NA,0,NA,PSC/PSCS -80 at 11:15' PSCF -80 AT 10:56
20230811,10:37,NA,21,B12_Pi132,pisaster_ochraceus,4,MUSP,CHHK,682,442,NA,NA,318,NA,,NA,NA,0,NA,0,NA,PSC/PSCS -80 at 11:15' PSCF -80 AT 10:56
20230811,10:39,NA,21,B12_Py85,pycnopodia_helianthoides,4,MUSP,CHHK,683,443,NA,NA,319,NA,,NA,NA,0,NA,0,NA,PSC/PSCS -80 at 11:15' PSCF -80 AT 10:56
20230811,11:18,NA,21,B5_D99,dermasterias_imbricata,4,MUSP,CHER,684,444,NA,NA,NA,NA,,NA,NA,0,NA,0,NA,PSCF -80 AT 12:26; PSC/PSCS -80 AT 12:55
20230811,11:20,NA,21,B5_PI116,pisaster_ochraceus,4,MUSP,CHER,685,445,NA,NA,NA,NA,,NA,NA,0,NA,1,>25% twist,PSCF -80 AT 12:26; PSC/PSCS -80 AT 12:55
20230811,11:18,NA,21,B13_D112,dermasterias_imbricata,4,MUSP,CHHK,686,446,NA,NA,NA,NA,,NA,NA,0,NA,0,NA,PSCF -80 AT 12:26; PSC/PSCS -80 AT 12:55
20230811,11:19,NA,21,B13_Pi134,pisaster_ochraceus,4,MUSP,CHHK,687,447,NA,NA,NA,NA,,NA,NA,0,NA,0,NA,PSCF -80 AT 12:26; PSC/PSCS -80 AT 12:55
20230811,11:21,NA,21,B13_Py90,pycnopodia_helianthoides,4,MUSP,CHHK,688,448,NA,NA,NA,NA,,NA,NA,0,NA,0,NA,PSCF -80 AT 12:26; PSC/PSCS -80 AT 12:55
20230811,11:30,NA,21,B6_D101,dermasterias_imbricata,4,MUSP,CHER,689,449,NA,NA,320,320,750,NA,NA,0,NA,0,NA,PSCF -80 AT 12:26; PSC/PSCS -80 AT 12:55
20230811,11:32,NA,21,B6_PI118,pisaster_ochraceus,4,MUSP,CHER,690,450,NA,NA,321,NA,,NA,NA,0,NA,0,NA,PSCF -80 AT 12:26; PSC/PSCS -80 AT 12:55
20230811,11:34,NA,21,B6_Py86,pycnopodia_helianthoides,4,MUSP,CHER,691,451,NA,NA,322,NA,,NA,NA,1,MUSPA_009,3,first arm drop,dropped a second arm during sampling; PSCF -80 AT 12:26; PSC/PSCS -80 AT 12:55
20230811,11:36,NA,21,B6_FHPy45,pycnopodia_helianthoides,4,MUSP,CHER,692,452,NA,NA,323,NA,,NA,NA,0,NA,0,NA,PSCF -80 AT 12:26; PSC/PSCS -80 AT 12:55
20230811,11:29,NA,21,B14_D103,dermasterias_imbricata,4,MUSP,CHHK,693,453,NA,NA,324,324,750,NA,NA,0,NA,0,NA,PSCF -80 AT 12:26; PSC/PSCS -80 AT 12:55
20230811,11:31,NA,21,B14_Pi123,pisaster_ochraceus,4,MUSP,CHHK,694,454,NA,NA,325,325,750,NA,NA,0,NA,0,NA,PSCF -80 AT 12:26; PSC/PSCS -80 AT 12:55
20230811,11:32,NA,21,B14_Py94,pycnopodia_helianthoides,4,MUSP,CHHK,695,455,NA,NA,326,NA,,NA,NA,0,NA,0,NA,PSCF -80 AT 12:26; PSC/PSCS -80 AT 12:55
20230811,11:36,NA,21,B14_FHPy47,pycnopodia_helianthoides,4,MUSP,CHHK,696,456,NA,NA,327,NA,,NA,NA,0,NA,0,NA,PSCF -80 AT 12:26; PSC/PSCS -80 AT 12:55
20230811,11:45,NA,21,B7_D97,dermasterias_imbricata,4,MUSP,CHER,697,457,NA,NA,NA,NA,NA,NA,NA,0,NA,0,NA,PSCF -80 AT 12:26; PSC/PSCS -80 AT 12:55
20230811,11:47,NA,21,B7_PI122,pisaster_ochraceus,4,MUSP,CHER,698,458,NA,NA,NA,NA,NA,NA,NA,0,NA,0,NA,PSCF -80 AT 12:26; PSC/PSCS -80 AT 12:55
20230811,11:48,NA,21,B7_Py82,pycnopodia_helianthoides,4,MUSP,CHER,699,459,NA,NA,NA,NA,NA,NA,NA,0,NA,0,NA,PSCF -80 AT 12:26; PSC/PSCS -80 AT 12:55
20230811,11:50,NA,21,B7_FHPy43,pycnopodia_helianthoides,4,MUSP,CHER,700,460,NA,NA,NA,NA,NA,NA,NA,0,NA,0,NA,PSCF -80 AT 12:26; PSC/PSCS -80 AT 12:55
20230811,11:45,NA,21,B15_D109,dermasterias_imbricata,4,MUSP,CHHK,701,461,NA,NA,NA,NA,NA,NA,NA,0,NA,0,NA,PSCF -80 AT 12:26; PSC/PSCS -80 AT 12:55
20230811,11:46,NA,21,B15_Pi117,pisaster_ochraceus,4,MUSP,CHHK,702,462,NA,NA,NA,NA,NA,NA,NA,0,NA,0,NA,PSCF -80 AT 12:26; PSC/PSCS -80 AT 12:55
20230811,11:48,NA,21,B15_Py93,pycnopodia_helianthoides,4,MUSP,CHHK,703,463,NA,NA,NA,NA,NA,NA,NA,0,NA,0,NA,PSCF -80 AT 12:26; PSC/PSCS -80 AT 12:55
20230811,11:50,NA,21,B15_FHPy48,pycnopodia_helianthoides,4,MUSP,CHHK,704,464,NA,NA,NA,NA,NA,NA,NA,0,NA,0,NA,PSCF -80 AT 12:26; PSC/PSCS -80 AT 12:55
20230811,11:58,NA,21,B8_D111,dermasterias_imbricata,4,MUSP,CHER,705,465,NA,NA,328,NA,NA,NA,NA,0,NA,0,NA,PSCF -80 AT 12:26; PSC/PSCS -80 AT 12:55
20230811,12:00,NA,21,B8_Pi119,pisaster_ochraceus,4,MUSP,CHER,706,466,NA,NA,329,NA,NA,NA,NA,0,NA,1,>25% twist,PSCF -80 AT 12:26; PSC/PSCS -80 AT 12:55
20230811,11:59,NA,21,B16_D98,dermasterias_imbricata,4,MUSP,CHHK,707,467,NA,NA,330,NA,NA,NA,NA,0,NA,0,NA,PSCF -80 AT 12:26; PSC/PSCS -80 AT 12:55
20230811,12:02,NA,21,B16_Pi126,pisaster_ochraceus,4,MUSP,CHHK,708,468,NA,NA,331,331,750,NA,NA,0,NA,0,NA,PSCF -80 AT 12:26; PSC/PSCS -80 AT 12:55
20230811,12:04,NA,21,B16_Py95,pycnopodia_helianthoides,4,MUSP,CHHK,709,469,NA,NA,332,NA,NA,NA,NA,0,NA,0,NA,PSCF -80 AT 12:26; PSC/PSCS -80 AT 12:55
20230814,11:33,NA,24,B1_D105,dermasterias_imbricata,4,MUSP,CHER,710,470,NA,NA,NA,NA,NA,NA,NA,0,NA,0,NA,-80 @ 13:20
20230814,11:33,NA,24,B9_D107,dermasterias_imbricata,4,MUSP,CHHK,711,471,NA,NA,NA,NA,NA,NA,NA,0,NA,0,NA,-80 @ 13:20
20230814,11:39,NA,24,B2_D104,dermasterias_imbricata,4,MUSP,CHER,712,472,NA,NA,NA,NA,NA,NA,NA,0,NA,0,NA,-80 @ 13:20
20230814,11:39,NA,24,B10_D113,dermasterias_imbricata,4,MUSP,CHHK,713,473,NA,NA,NA,NA,NA,NA,NA,0,NA,0,NA,-80 @ 13:20
20230814,11:45,NA,24,B3_D100,dermasterias_imbricata,4,MUSP,CHER,714,474,NA,NA,NA,NA,NA,NA,NA,0,NA,0,NA,-80 @ 13:20
20230814,11:45,NA,24,B3_Pi131,pisaster_ochraceus,4,MUSP,CHER,715,475,NA,NA,NA,NA,NA,NA,NA,0,NA,1,arm twist,-80 @ 13:20
20230814,11:45,NA,24,B11_D114,dermasterias_imbricata,4,MUSP,CHHK,716,476,NA,NA,NA,NA,NA,NA,NA,0,NA,0,NA,-80 @ 13:20
20230814,11:45,NA,24,B11_Pi130,pisaster_ochraceus,4,MUSP,CHHK,717,477,NA,NA,NA,NA,NA,NA,NA,0,NA,0,NA,-80 @ 13:20
20230814,11:53,NA,24,B4_D106,dermasterias_imbricata,4,MUSP,CHER,718,478,NA,NA,NA,NA,NA,NA,NA,0,NA,0,NA,-80 @ 13:20
20230814,11:54,NA,24,B4_Pi121,pisaster_ochraceus,4,MUSP,CHER,719,479,NA,NA,NA,NA,NA,NA,NA,0,NA,0,NA,-80 @ 13:20
20230814,11:50,NA,24,B12_D110,dermasterias_imbricata,4,MUSP,CHHK,720,480,NA,NA,NA,NA,NA,NA,NA,0,NA,0,NA,-80 @ 13:20
20230814,11:50,NA,24,B12_Pi132,pisaster_ochraceus,4,MUSP,CHHK,721,481,NA,NA,NA,NA,NA,NA,NA,0,NA,0,NA,-80 @ 13:20
20230814,12:02,NA,24,B5_D99,dermasterias_imbricata,4,MUSP,CHER,722,482,NA,NA,NA,NA,NA,NA,NA,0,NA,0,NA,-80 @ 13:20
20230814,12:03,NA,24,B5_PI116,pisaster_ochraceus,4,MUSP,CHER,723,483,NA,NA,NA,NA,NA,NA,NA,0,NA,2,arm twist and lesion,-80 @ 13:20
20230814,11:57,NA,24,B13_D112,dermasterias_imbricata,4,MUSP,CHHK,724,484,NA,NA,NA,NA,NA,NA,NA,0,NA,0,NA,-80 @ 13:20
20230814,11:58,NA,24,B13_Pi134,pisaster_ochraceus,4,MUSP,CHHK,725,485,NA,NA,NA,NA,NA,NA,NA,0,NA,0,NA,-80 @ 13:20
20230814,12:10,NA,24,B6_D101,dermasterias_imbricata,4,MUSP,CHER,726,486,NA,NA,NA,NA,NA,NA,NA,0,NA,0,NA,-80 @ 13:20
20230814,12:11,NA,24,B6_PI118,pisaster_ochraceus,4,MUSP,CHER,727,487,NA,NA,NA,NA,NA,NA,NA,0,NA,0,NA,-80 @ 13:20
20230814,12:11,NA,24,B6_FHPy45,pycnopodia_helianthoides,4,MUSP,CHER,728,488,NA,NA,NA,NA,NA,NA,NA,0,NA,0,NA,-80 @ 13:20
20230814,12:03,NA,24,B14_D103,dermasterias_imbricata,4,MUSP,CHHK,729,489,NA,NA,NA,NA,NA,NA,NA,0,NA,0,NA,-80 @ 13:20
20230814,12:04,NA,24,B14_Pi123,pisaster_ochraceus,4,MUSP,CHHK,730,490,NA,NA,NA,NA,NA,NA,NA,0,NA,0,NA,-80 @ 13:20
20230814,12:07,NA,24,B14_FHPy47,pycnopodia_helianthoides,4,MUSP,CHHK,731,491,NA,NA,NA,NA,NA,NA,NA,0,NA,0,NA,-80 @ 13:20
20230814,12:18,NA,24,B7_D97,dermasterias_imbricata,4,MUSP,CHER,732,492,NA,NA,NA,NA,NA,NA,NA,0,NA,0,NA,-80 @ 13:20
20230814,12:19,NA,24,B7_PI122,pisaster_ochraceus,4,MUSP,CHER,733,493,NA,NA,NA,NA,NA,NA,NA,0,NA,0,NA,-80 @ 13:20
20230814,12:20,NA,24,B7_Py82,pycnopodia_helianthoides,4,MUSP,CHER,734,494,NA,NA,NA,NA,NA,NA,NA,0,NA,0,NA,-80 @ 13:20
20230814,12:21,NA,24,B7_FHPy43,pycnopodia_helianthoides,4,MUSP,CHER,735,495,NA,NA,NA,NA,NA,NA,NA,0,NA,0,NA,-80 @ 13:20
20230814,12:11,NA,24,B15_D109,dermasterias_imbricata,4,MUSP,CHHK,736,496,NA,NA,NA,NA,NA,NA,NA,0,NA,0,NA,-80 @ 13:20
20230814,12:11,NA,24,B15_Pi117,pisaster_ochraceus,4,MUSP,CHHK,737,497,NA,NA,NA,NA,NA,NA,NA,0,NA,0,NA,-80 @ 13:20
20230814,12:15,NA,24,B15_Py93,pycnopodia_helianthoides,4,MUSP,CHHK,738,498,NA,NA,NA,NA,NA,NA,NA,0,NA,0,NA,-80 @ 13:20
20230814,12:16,NA,24,B15_FHPy48,pycnopodia_helianthoides,4,MUSP,CHHK,739,499,NA,NA,NA,NA,NA,NA,NA,0,NA,0,NA,-80 @ 13:20
20230814,12:27,NA,24,B8_D111,dermasterias_imbricata,4,MUSP,CHER,740,500,NA,NA,NA,NA,NA,NA,NA,0,NA,0,NA,-80 @ 13:20
20230814,12:20,NA,24,B8_Pi119,pisaster_ochraceus,4,MUSP,CHER,741,501,NA,NA,NA,NA,NA,NA,NA,0,NA,0,NA,-80 @ 13:20
20230814,12:21,NA,24,B16_D98,dermasterias_imbricata,4,MUSP,CHHK,742,502,NA,NA,NA,NA,NA,NA,NA,0,NA,0,NA,-80 @ 13:20
20230814,12:22,NA,24,B16_Pi126,pisaster_ochraceus,4,MUSP,CHHK,743,503,NA,NA,NA,NA,NA,NA,NA,0,NA,0,NA,-80 @ 13:20
20230815,14:31,NA,0,1_19_REX,pycnopodia_helianthoides,7,REX,D0,748,508,NA,NA,NA,NA,NA,NA,NA,NA,NA,0,NA,-80 at 15:27
20230815,14:36,NA,0,2_18_REX,pycnopodia_helianthoides,7,REX,D0,749,509,NA,NA,NA,NA,NA,NA,NA,NA,NA,0,NA,-80 at 15:27
20230815,14:41,NA,0,3_28_REX,pycnopodia_helianthoides,7,REX,D0,750,510,NA,NA,NA,NA,NA,NA,NA,NA,NA,0,NA,-80 at 15:27
20230815,14:48,NA,0,4_3_REX,pycnopodia_helianthoides,7,REX,D0,751,511,NA,NA,NA,NA,NA,NA,NA,NA,NA,0,NA,-80 at 15:27
20230815,14:55,NA,0,5_56_REX,pycnopodia_helianthoides,7,REX,D0,752,512,NA,NA,NA,NA,NA,NA,NA,NA,NA,0,NA,-80 at 15:27
20230815,14:48,NA,0,6_21_REX,pycnopodia_helianthoides,7,REX,D0,753,513,NA,NA,NA,NA,NA,NA,NA,NA,NA,0,NA,-80 at 15:27
20230817,11:52,NA,3,1_19_REX,pycnopodia_helianthoides,7,REX,ERCF,756,516,NA,NA,NA,NA,NA,NA,NA,0,NA,0,NA,-80 AT 12:35
20230819,13:30,NA,5,1_19_REX,pycnopodia_helianthoides,7,REX,ERCF,796,556,NA,NA,NA,NA,NA,NA,NA,0,NA,0,NA,"very difficult, small sample; -80 @ 14:33"
20230821,14:42,NA,7,1_19_REX,pycnopodia_helianthoides,7,REX,ERCF,NA,NA,NA,NA,NA,NA,NA,NA,1,10,NA,4,arm drop,save tubefeet in 750ul shield
20230817,11:55,NA,3,2_18_REX,pycnopodia_helianthoides,7,REX,ERCF,757,517,NA,NA,NA,NA,NA,NA,NA,0,NA,0,NA,-80 AT 12:35
20230819,13:45,NA,5,2_18_REX,pycnopodia_helianthoides,7,REX,ERCF,797,557,NA,NA,NA,NA,NA,NA,NA,0,NA,0,NA,-80 @ 14:33
20230821,14:42,NA,7,2_18_REX,pycnopodia_helianthoides,7,REX,ERCF,NA,NA,NA,NA,NA,NA,NA,NA,2,6,NA,4,arm drop,save tubefeet in 750ul shield
20230817,16:15,NA,27,B1_D105,dermasterias_imbricata,4,MUSP,CHER,764,524,NA,NA,NA,NA,NA,NA,NA,0,NA,0,NA,-80C @ 17:55
20230817,16:20,NA,27,B2_D104,dermasterias_imbricata,4,MUSP,CHER,765,525,NA,NA,NA,NA,NA,NA,NA,0,NA,0,NA,-80C @ 17:55
20230817,16:26,NA,27,B3_D100,dermasterias_imbricata,4,MUSP,CHER,766,526,NA,NA,NA,NA,NA,NA,NA,0,NA,0,NA,-80C @ 17:55
20230817,16:30,NA,27,B3_Pi131,pisaster_ochraceus,4,MUSP,CHER,767,527,NA,NA,NA,NA,NA,NA,NA,0,NA,0,NA,-80C @ 17:55
20230817,16:38,NA,27,B4_D106,dermasterias_imbricata,4,MUSP,CHER,768,528,NA,NA,NA,NA,NA,NA,NA,0,NA,0,NA,-80C @ 17:55
20230817,16:42,NA,27,B4_Pi121,pisaster_ochraceus,4,MUSP,CHER,769,529,NA,NA,NA,NA,NA,NA,NA,0,NA,0,NA,-80C @ 17:55; very brown; hard to get
20230817,16:49,NA,27,B5_D99,dermasterias_imbricata,4,MUSP,CHER,770,530,NA,NA,NA,NA,NA,NA,NA,0,NA,0,NA,-80C @ 17:55
20230817,16:52,NA,27,B5_Pi116,pisaster_ochraceus,4,MUSP,CHER,771,531,NA,NA,NA,NA,NA,NA,NA,0,NA,0,NA,-80C @ 17:55
20230817,16:58,NA,27,B6_D101,dermasterias_imbricata,4,MUSP,CHER,772,532,NA,NA,NA,NA,NA,NA,NA,0,NA,0,NA,-80C @ 17:55
20230817,17:00,NA,27,B6_PI118,pisaster_ochraceus,4,MUSP,CHER,773,533,NA,NA,NA,NA,NA,NA,NA,0,NA,0,NA,-80C @ 17:55
20230817,17:04,NA,27,B6_FHPy45,pycnopodia_helianthoides,4,MUSP,CHER,774,534,NA,NA,NA,NA,NA,NA,NA,0,NA,0,NA,-80C @ 17:55
20230817,17:10,NA,27,B7_D97,dermasterias_imbricata,4,MUSP,CHER,775,535,NA,NA,NA,NA,NA,NA,NA,0,NA,0,NA,-80C @ 17:55
20230817,17:11,NA,27,B7_Pi122,pisaster_ochraceus,4,MUSP,CHER,776,536,NA,NA,NA,NA,NA,NA,NA,0,NA,0,NA,-80C @ 17:55
20230817,17:12,NA,27,B7_Py82,pycnopodia_helianthoides,4,MUSP,CHER,777,537,NA,NA,NA,NA,NA,NA,NA,0,NA,0,NA,-80C @ 17:55
20230817,17:15,NA,27,B7_FHPy43,pycnopodia_helianthoides,4,MUSP,CHER,778,538,NA,NA,NA,NA,NA,NA,NA,0,NA,0,NA,-80C @ 17:55
20230817,17:20,NA,27,B8_D111,dermasterias_imbricata,4,MUSP,CHER,779,539,NA,NA,NA,NA,NA,NA,NA,0,NA,0,NA,-80C @ 17:55
20230817,16:18,NA,27,B9_D107,dermasterias_imbricata,4,MUSP,CHHK,780,540,NA,NA,NA,NA,NA,NA,NA,0,NA,0,NA,-80C @ 18:12
20230817,16:22,NA,27,B10_D113,dermasterias_imbricata,4,MUSP,CHHK,781,541,NA,NA,NA,NA,NA,NA,NA,0,NA,0,NA,-80C @ 18:12
20230817,16:33,NA,27,B11_D114,dermasterias_imbricata,4,MUSP,CHHK,782,542,NA,NA,NA,NA,NA,NA,NA,0,NA,0,NA,-80C @ 18:12
20230817,16:35,NA,27,B11_Pi130,pisaster_ochraceus,4,MUSP,CHHK,783,543,NA,NA,NA,NA,NA,NA,NA,0,NA,0,NA,-80C @ 18:12
20230817,16:40,NA,27,B12_D110,dermasterias_imbricata,4,MUSP,CHHK,784,544,NA,NA,NA,NA,NA,NA,NA,0,NA,0,NA,-80C @ 18:12
20230817,16:42,NA,27,B12_Pi132,pisaster_ochraceus,4,MUSP,CHHK,785,545,NA,NA,NA,NA,NA,NA,NA,0,NA,0,NA,-80C @ 18:12
20230817,16:47,NA,27,B13_D112,dermasterias_imbricata,4,MUSP,CHHK,786,546,NA,NA,NA,NA,NA,NA,NA,0,NA,0,NA,-80C @ 18:12
20230817,16:50,NA,27,B13_Pi134,pisaster_ochraceus,4,MUSP,CHHK,787,547,NA,NA,NA,NA,NA,NA,NA,0,NA,0,NA,-80C @ 18:12
20230817,16:58,NA,27,B14_D103,dermasterias_imbricata,4,MUSP,CHHK,788,548,NA,NA,NA,NA,NA,NA,NA,0,NA,0,NA,-80C @ 18:12
20230817,16:59,NA,27,B14_Pi123,pisaster_ochraceus,4,MUSP,CHHK,789,549,NA,NA,NA,NA,NA,NA,NA,0,NA,0,NA,-80C @ 18:12
20230817,16:59,NA,27,B14_FHPy47,pycnopodia_helianthoides,4,MUSP,CHHK,790,550,NA,NA,NA,NA,NA,NA,NA,0,NA,0,NA,-80C @ 18:12
20230817,17:05,NA,27,B15_D109,dermasterias_imbricata,4,MUSP,CHHK,791,551,NA,NA,NA,NA,NA,NA,NA,0,NA,0,NA,-80C @ 18:12
20230817,17:08,NA,27,B15_Pi117,pisaster_ochraceus,4,MUSP,CHHK,792,552,NA,NA,NA,NA,NA,NA,NA,0,NA,0,NA,-80C @ 18:12
20230817,17:09,NA,27,B15_Py93,pycnopodia_helianthoides,4,MUSP,CHHK,793,553,NA,NA,NA,NA,NA,NA,NA,0,NA,0,NA,-80C @ 18:12
20230817,17:11,NA,27,B15_FHPy48,pycnopodia_helianthoides,4,MUSP,CHHK,794,554,NA,NA,NA,NA,NA,NA,NA,0,NA,0,NA,-80C @ 18:12
20230817,17:17,NA,27,B16_D98,dermasterias_imbricata,4,MUSP,CHHK,795,555,NA,NA,NA,NA,NA,NA,NA,0,NA,0,NA,-80C @ 18:12
20230823,13:20,ERCF,NA,G,pycnopodia_helianthoides,4,MUSP,IN,NA,NA,IN_MUSP_ERCF_Re-exposed_1of2,IN_MUSP_ERCF_Re-exposed_2of2,IN_MUSP_ERCF_Re-exposed_1to3,IN_MUSP_ERCF_Re-exposed_4to6,750,1000,NA,0,NA,2,>25% twist,Inoculum is from MUSP Re-exposure of Bin 7+15 FHL Pycnopodia; PSCF samples labeled 1-3 are 750ul inoculum + 750ul DNA/RNA Shield; PSCF samples labeled 4-6 are directly frozen in -80; in -80C by 13:35
20230817,11:58,NA,3,3_28_REX,pycnopodia_helianthoides,7,REX,ERCF,758,518,NA,NA,NA,NA,NA,NA,NA,0,NA,0,NA,-80 AT 12:35
20230819,13:51,NA,5,3_28_REX,pycnopodia_helianthoides,7,REX,ERCF,798,558,NA,NA,NA,NA,NA,NA,NA,0,NA,1,NA,-80 @ 14:33
20230821,14:45,NA,7,3_28_REX,pycnopodia_helianthoides,7,REX,ERCF,NA,NA,NA,NA,NA,NA,NA,NA,3,8,NA,4,arm drop,save tubefeet in 750ul shield
20230817,12:03,NA,3,4_3_REX,pycnopodia_helianthoides,7,REX,ERCF,759,519,NA,NA,NA,NA,NA,NA,NA,0,NA,0,NA,-80 AT 12:35
20230819,14:00,NA,5,4_3_REX,pycnopodia_helianthoides,7,REX,ERCF,799,559,NA,NA,NA,NA,NA,NA,NA,0,NA,1,NA,-80 @ 14:33
20230821,14:45,NA,7,4_3_REX,pycnopodia_helianthoides,7,REX,ERCF,NA,NA,NA,NA,NA,NA,NA,NA,4,8,NA,4,arm drop,save tubefeet in 750ul shield
20230820,14:09,NA,30,B1_D105,dermasterias_imbricata,4,MUSP,CHER,802,562,NA,NA,NA,NA,NA,NA,NA,0,NA,0,NA,-80 @: PSCF 15:30; PSC/PSCS 15:52; MUSPA 1530
20230820,14:16,NA,30,B2_D104,dermasterias_imbricata,4,MUSP,CHER,803,563,NA,NA,NA,NA,NA,NA,NA,0,NA,0,NA,-80 @: PSCF 15:30; PSC/PSCS 15:52; MUSPA 1530
20230820,14:21,NA,30,B3_D100,dermasterias_imbricata,4,MUSP,CHER,804,564,NA,NA,NA,NA,NA,NA,NA,0,NA,0,NA,-80 @: PSCF 15:30; PSC/PSCS 15:52; MUSPA 1530
20230820,14:22,NA,30,B3_Pi131,pisaster_ochraceus,4,MUSP,CHER,805,565,NA,NA,NA,NA,NA,NA,NA,0,NA,0,NA,-80 @: PSCF 15:30; PSC/PSCS 15:52; MUSPA 1530
20230820,14:28,NA,30,B4_D106,dermasterias_imbricata,4,MUSP,CHER,806,566,NA,NA,385,NA,NA,NA,NA,0,NA,0,NA,-80 @: PSCF 15:30; PSC/PSCS 15:52; MUSPA 1530
20230820,14:30,NA,30,B4_Pi121,pisaster_ochraceus,4,MUSP,CHER,807,567,NA,NA,386,NA,NA,NA,NA,1,MUSPA_010,3,arm drop,-80 @: PSCF 15:30; PSC/PSCS 15:52; MUSPA 1530
20230820,14:37,NA,30,B5_D99,dermasterias_imbricata,4,MUSP,CHER,808,568,NA,NA,NA,NA,NA,NA,NA,0,NA,0,NA,-80 @: PSCF 15:30; PSC/PSCS 15:52; MUSPA 1530
20230820,14:39,NA,30,B5_Pi116,pisaster_ochraceus,4,MUSP,CHER,809,569,NA,NA,NA,NA,NA,NA,NA,0,NA,0,NA,-80 @: PSCF 15:30; PSC/PSCS 15:52; MUSPA 1530
20230820,14:46,NA,30,B6_D101,dermasterias_imbricata,4,MUSP,CHER,810,570,NA,NA,387,NA,NA,NA,NA,0,NA,0,NA,-80 @: PSCF 15:30; PSC/PSCS 15:52; MUSPA 1530
20230820,14:49,NA,30,B6_Pi118,pisaster_ochraceus,4,MUSP,CHER,811,571,NA,NA,388,NA,NA,NA,NA,0,NA,0,NA,-80 @: PSCF 15:30; PSC/PSCS 15:52; MUSPA 1530
20230820,14:54,NA,30,B6_FHPy45,pycnopodia_helianthoides,4,MUSP,CHER,812,572,NA,NA,389,NA,NA,NA,NA,2,MUSP_011,3,arm drop,PSCF 389 was not taken; sample does not exist; -80 @: PSCF 15:30; PSC/PSCS 15:52; MUSPA 1530; dropped second arm while sampling
20230820,15:01,NA,30,B7_D97,dermasterias_imbricata,4,MUSP,CHER,813,573,NA,NA,NA,NA,NA,NA,NA,0,NA,0,NA,-80 @: PSCF 15:30; PSC/PSCS 15:52; MUSPA 1530
20230820,15:02,NA,30,B7_Pi122,pisaster_ochraceus,4,MUSP,CHER,814,574,NA,NA,NA,NA,NA,NA,NA,0,NA,0,NA,-80 @: PSCF 15:30; PSC/PSCS 15:52; MUSPA 1530
20230820,15:03,NA,30,B7_Py82,pycnopodia_helianthoides,4,MUSP,CHER,815,575,NA,NA,NA,NA,NA,NA,NA,0,NA,0,NA,-80 @: PSCF 15:30; PSC/PSCS 15:52; MUSPA 1530
20230820,15:06,NA,30,B7_FHPy43,pycnopodia_helianthoides,4,MUSP,CHER,816,576,NA,NA,NA,NA,NA,NA,NA,0,NA,0,NA,-80 @: PSCF 15:30; PSC/PSCS 15:52; MUSPA 1530
20230820,15:12,NA,30,B8_D111,dermasterias_imbricata,4,MUSP,CHER,817,577,NA,NA,NA,NA,NA,NA,NA,0,NA,0,NA,-80 @: PSCF 15:30; PSC/PSCS 15:52; MUSPA 1530
20230820,14:08,NA,30,B9_D107,dermasterias_imbricata,4,MUSP,CHHK,818,578,NA,NA,NA,NA,NA,NA,NA,0,NA,0,NA,-80 at 16:06
20230820,14:14,NA,30,B10_D113,dermasterias_imbricata,4,MUSP,CHHK,819,579,NA,NA,NA,NA,NA,NA,NA,0,NA,0,NA,-80 at 16:06
20230820,14:18,NA,30,B11_D114,dermasterias_imbricata,4,MUSP,CHHK,820,580,NA,NA,NA,NA,NA,NA,NA,0,NA,0,NA,-80 at: PSCF 15:30; PSC/PSCS 16:06
20230820,14:21,NA,30,B11_Pi130,pisaster_ochraceus,4,MUSP,CHHK,821,581,NA,NA,NA,NA,NA,NA,NA,0,NA,0,NA,-80 at: PSCF 15:30; PSC/PSCS 16:06
20230820,14:27,NA,30,B12_D110,dermasterias_imbricata,4,MUSP,CHHK,822,582,NA,NA,390,,,,NA,0,NA,0,NA,-80 at: PSCF 15:30; PSC/PSCS 16:06
20230820,14:29,NA,30,B12_Pi132,pisaster_ochraceus,4,MUSP,CHHK,823,583,NA,NA,391,,,,NA,0,NA,0,NA,-80 at: PSCF 15:30; PSC/PSCS 16:06
20230820,14:35,NA,30,B13_D112,dermasterias_imbricata,4,MUSP,CHHK,824,584,NA,NA,NA,NA,NA,NA,NA,0,NA,0,NA,-80 at: PSCF 15:30; PSC/PSCS 16:06
20230820,14:37,NA,30,B13_Pi134,pisaster_ochraceus,4,MUSP,CHHK,825,585,NA,NA,NA,NA,NA,NA,NA,0,NA,0,NA,-80 at: PSCF 15:30; PSC/PSCS 16:06
20230820,14:43,NA,30,B14_D103,dermasterias_imbricata,4,MUSP,CHHK,826,586,NA,NA,392,,,,NA,0,NA,0,NA,-80 at: PSCF 15:30; PSC/PSCS 16:06
20230820,14:44,NA,30,B14_Pi123,pisaster_ochraceus,4,MUSP,CHHK,827,587,NA,NA,393,,,,NA,0,NA,0,NA,-80 at: PSCF 15:30; PSC/PSCS 16:06
20230820,14:46,NA,30,B14_FHPy47,pycnopodia_helianthoides,4,MUSP,CHHK,828,588,NA,NA,394,,,,NA,0,NA,0,NA,-80 at: PSCF 15:30; PSC/PSCS 16:06
20230820,14:56,NA,30,B15_D109,dermasterias_imbricata,4,MUSP,CHHK,829,589,NA,NA,NA,NA,NA,NA,NA,0,NA,0,NA,-80 at: PSCF 15:30; PSC/PSCS 16:06
20230820,14:57,NA,30,B15_Pi117,pisaster_ochraceus,4,MUSP,CHHK,830,590,NA,NA,NA,NA,NA,NA,NA,0,NA,0,NA,-80 at: PSCF 15:30; PSC/PSCS 16:06
20230820,14:58,NA,30,B15_Py93,pycnopodia_helianthoides,4,MUSP,CHHK,831,591,NA,NA,NA,NA,NA,NA,NA,0,NA,0,NA,-80 at: PSCF 15:30; PSC/PSCS 16:06
20230820,14:59,NA,30,B15_FHPy48,pycnopodia_helianthoides,4,MUSP,CHHK,832,592,NA,NA,NA,NA,NA,NA,NA,0,NA,0,NA,-80 at: PSCF 15:30; PSC/PSCS 16:06
20230820,15:06,NA,30,B16_D98,dermasterias_imbricata,4,MUSP,CHHK,833,593,NA,NA,NA,NA,NA,NA,NA,0,NA,0,NA,-80 at: PSCF 15:30; PSC/PSCS 16:06
20230817,12:06,NA,3,5_56_REX,pycnopodia_helianthoides,7,REX,ERCF,760,520,NA,NA,NA,NA,NA,NA,NA,0,NA,0,NA,-80 AT 12:35
20230819,14:03,NA,5,5_56_REX,pycnopodia_helianthoides,7,REX,ERCF,800,560,NA,NA,NA,NA,NA,NA,NA,0,NA,0,NA,-80 @ 14:33
20230821,14:48,NA,7,5_56_REX,pycnopodia_helianthoides,7,REX,ERCF,NA,NA,NA,NA,NA,NA,NA,NA,5,5,NA,4,arm drop,save tubefeet in 750ul shield
20230817,12:09,NA,3,6_21_REX,pycnopodia_helianthoides,7,REX,ERCF,761,521,NA,NA,NA,NA,NA,NA,NA,0,NA,0,NA,-80 AT 12:35
20230819,14:09,NA,5,6_21_REX,pycnopodia_helianthoides,7,REX,ERCF,801,561,NA,NA,NA,NA,NA,NA,NA,0,NA,0,NA,-80 @ 14:33
20230821,14:48,NA,7,6_21_REX,pycnopodia_helianthoides,7,REX,ERCF,NA,NA,NA,NA,NA,NA,NA,NA,6,11,NA,4,arm drop,save tubefeet in 750ul shield
20230823,10:43,NA,33,B3_D100,dermasterias_imbricata,4,MUSP,CHER,834,594,NA,NA,NA,NA,NA,NA,NA,0,NA,0,NA,-80 at 11:50
20230823,10:44,NA,33,B3_Pi131,pisaster_ochraceus,4,MUSP,CHER,835,595,NA,NA,NA,NA,NA,NA,NA,0,NA,1,arm twist,-80 at 11:50
20230823,10:43,NA,33,B11_D114,dermasterias_imbricata,4,MUSP,CHHK,836,596,NA,NA,NA,NA,NA,NA,NA,0,NA,0,0,-80 at 11:50
20230823,10:44,NA,33,B11_Pi130,pisaster_ochraceus,4,MUSP,CHHK,837,597,NA,NA,NA,NA,NA,NA,NA,0,NA,0,0,-80 at 11:50
20230823,10:50,NA,33,B5_D99,dermasterias_imbricata,4,MUSP,CHER,838,598,NA,NA,NA,NA,NA,NA,NA,0,NA,0,NA,-80 at 11:50
20230823,10:51,NA,33,B5_Pi116,pisaster_ochraceus,4,MUSP,CHER,839,599,NA,NA,NA,NA,NA,NA,NA,0,NA,1,arm twist,-80 at 11:50
20230823,10:50,NA,33,B13_D112,dermasterias_imbricata,4,MUSP,CHHK,840,600,NA,NA,NA,NA,NA,NA,NA,0,NA,0,NA,-80 at 11:50
20230823,10:51,NA,33,B13_Pi134,pisaster_ochraceus,4,MUSP,CHHK,841,601,NA,NA,NA,NA,NA,NA,NA,0,NA,0,NA,-80 at 11:50
20230823,10:58,NA,33,B6_D101,dermasterias_imbricata,4,MUSP,CHER,842,602,NA,NA,401,NA,NA,NA,NA,0,NA,0,NA,-80 PSCF 11:27; PSC/PSCS 11:50
20230823,10:59,NA,33,B6_Pi118,pisaster_ochraceus,4,MUSP,CHER,843,603,NA,NA,402,NA,NA,NA,NA,0,NA,1,arm twist,-80 PSCF 11:27; PSC/PSCS 11:50
20230823,10:56,NA,33,B14_D103,dermasterias_imbricata,4,MUSP,CHHK,844,604,NA,NA,403,NA,NA,NA,NA,0,NA,0,NA,-80 PSCF 11:27; PSC/PSCS 11:50
20230823,10:59,NA,33,B14_Pi123,pisaster_ochraceus,4,MUSP,CHHK,845,605,NA,NA,404,NA,NA,NA,NA,0,NA,0,NA,-80 PSCF 11:27; PSC/PSCS 11:50
20230823,11:08,NA,33,B7_D97,dermasterias_imbricata,4,MUSP,CHER,846,606,NA,NA,NA,NA,NA,NA,NA,0,NA,0,NA,-80 at 11:50
20230823,11:09,NA,33,B7_Pi122,pisaster_ochraceus,4,MUSP,CHER,847,607,NA,NA,NA,NA,NA,NA,NA,0,NA,0,NA,-80 at 11:50
20230823,11:10,NA,33,B7_Py82,pycnopodia_helianthoides,4,MUSP,CHER,848,608,NA,NA,NA,NA,NA,NA,NA,0,NA,0,NA,-80 at 11:50
20230823,11:11,NA,33,B7_FHPy43,pycnopodia_helianthoides,4,MUSP,CHER,849,609,NA,NA,NA,NA,NA,NA,NA,0,NA,0,NA,-80 at 11:50
20230823,11:08,NA,33,B15_D109,dermasterias_imbricata,4,MUSP,CHHK,850,610,NA,NA,NA,NA,NA,NA,NA,0,NA,0,NA,-80 at 11:50
20230823,11:09,NA,33,B15_Pi117,pisaster_ochraceus,4,MUSP,CHHK,851,611,NA,NA,NA,NA,NA,NA,NA,0,NA,0,NA,-80 at 11:50
20230823,11:10,NA,33,B15_Py93,pycnopodia_helianthoides,4,MUSP,CHHK,852,612,NA,NA,NA,NA,NA,NA,NA,0,NA,0,NA,-80 at 11:50
20230823,11:11,NA,33,B15_FHPy48,pycnopodia_helianthoides,4,MUSP,CHHK,853,613,NA,NA,NA,NA,NA,NA,NA,0,NA,0,NA,-80 at 11:50
20230826,12:36,NA,36,B3_D100,dermasterias_imbricata,4,MUSP,CHER,856,616,NA,NA,NA,NA,NA,NA,NA,0,NA,0,NA,-80 at 13:32
20230826,12:39,NA,36,B3_Pi131,pisaster_ochraceus,4,MUSP,CHER,857,617,NA,NA,NA,NA,NA,NA,NA,0,NA,1,lesion,-80 at 13:32
20230826,12:25,NA,36,B11_D114,dermasterias_imbricata,4,MUSP,CHHK,858,618,NA,NA,NA,NA,NA,NA,NA,0,NA,0,NA,-80 at 13:32
20230826,12:29,NA,36,B11_Pi130,pisaster_ochraceus,4,MUSP,CHHK,859,619,NA,NA,NA,NA,NA,NA,NA,0,NA,0,NA,-80 at 13:32
20230826,12:43,NA,36,B5_D99,dermasterias_imbricata,4,MUSP,CHER,860,620,NA,NA,NA,NA,NA,NA,NA,0,NA,0,NA,-80 at 13:32
20230826,12:45,NA,36,B5_Pi116,pisaster_ochraceus,4,MUSP,CHER,861,621,NA,NA,NA,NA,NA,NA,NA,0,NA,2,arm twist,-80 at 13:32
20230826,12:40,NA,36,B13_D112,dermasterias_imbricata,4,MUSP,CHHK,862,622,NA,NA,NA,NA,NA,NA,NA,0,NA,0,NA,-80 at 13:32
20230826,12:43,NA,36,B13_Pi134,pisaster_ochraceus,4,MUSP,CHHK,863,623,NA,NA,NA,NA,NA,NA,NA,0,NA,0,NA,-80 at 13:32
20230826,13:39,NA,36,B6_Pi118,pisaster_ochraceus,4,MUSP,CHER,NA,NA,NA,NA,NA,NA,NA,NA,NA,5,MUSPA_012,4,arm drop,-80 at 13:42; couldn't collect CF; star is dead
20230826,12:50,NA,36,B7_D97,dermasterias_imbricata,4,MUSP,CHER,864,624,NA,NA,NA,NA,NA,NA,NA,0,NA,0,NA,-80 at 13:32
20230826,12:52,NA,36,B7_Pi122,pisaster_ochraceus,4,MUSP,CHER,865,625,NA,NA,NA,NA,NA,NA,NA,0,NA,0,NA,-80 at 13:32
20230826,12:53,NA,36,B7_Py82,pycnopodia_helianthoides,4,MUSP,CHER,866,626,NA,NA,NA,NA,NA,NA,NA,0,NA,0,NA,-80 at 13:32
20230826,12:55,NA,36,B7_FHPy43,pycnopodia_helianthoides,4,MUSP,CHER,867,627,NA,NA,NA,NA,NA,NA,NA,0,NA,0,NA,-80 at 13:32
20230826,12:52,NA,36,B15_D109,dermasterias_imbricata,4,MUSP,CHHK,868,628,NA,NA,NA,NA,NA,NA,NA,0,NA,0,NA,-80 at 13:32
20230826,12:58,NA,36,B15_Pi117,pisaster_ochraceus,4,MUSP,CHHK,869,629,NA,NA,NA,NA,NA,NA,NA,0,NA,0,NA,-80 at 13:32
20230826,13:02,NA,36,B15_Py93,pycnopodia_helianthoides,4,MUSP,CHHK,870,630,NA,NA,NA,NA,NA,NA,NA,0,NA,0,NA,-80 at 13:32
20230826,13:04,NA,36,B15_FHPy48,pycnopodia_helianthoides,4,MUSP,CHHK,871,631,NA,NA,NA,NA,NA,NA,NA,0,NA,0,NA,-80 at 13:32
20230829,10:01,NA,39,B3_D100,dermasterias_imbricata,4,MUSP,CHER,874,634,NA,NA,NA,NA,NA,NA,NA,0,NA,0,NA,-80 at 11:04
20230829,10:04,NA,39,B3_Pi131,pisaster_ochraceus,4,MUSP,CHER,875,635,NA,NA,NA,NA,NA,NA,NA,0,NA,1,lesion,-80 at 11:04
20230829,10:02,NA,39,B11_D114,dermasterias_imbricata,4,MUSP,CHHK,876,636,NA,NA,NA,NA,NA,NA,NA,0,NA,0,NA,-80 at 11:04
20230829,10:04,NA,39,B11_Pi130,pisaster_ochraceus,4,MUSP,CHHK,877,637,NA,NA,NA,NA,NA,NA,NA,0,NA,0,NA,-80 at 11:04
20230829,10:08,NA,39,B5_D99,dermasterias_imbricata,4,MUSP,CHER,878,638,NA,NA,NA,NA,NA,NA,NA,0,NA,0,NA,-80 at 11:04
20230829,10:11,NA,39,B5_Pi116,pisaster_ochraceus,4,MUSP,CHER,879,639,NA,NA,NA,NA,NA,NA,NA,0,NA,0,NA,-80 at 11:04
20230829,10:14,NA,39,B13_D112,dermasterias_imbricata,4,MUSP,CHHK,880,640,NA,NA,NA,NA,NA,NA,NA,0,NA,0,NA,-80 at 11:04
20230829,10:17,NA,39,B13_Pi134,pisaster_ochraceus,4,MUSP,CHHK,881,641,NA,NA,NA,NA,NA,NA,NA,0,NA,0,NA,-80 at 11:04
20230829,10:17,NA,39,B7_D97,dermasterias_imbricata,4,MUSP,CHER,882,642,NA,NA,NA,NA,NA,NA,NA,0,NA,0,NA,-80 at 11:04
20230829,10:18,NA,39,B7_Pi122,pisaster_ochraceus,4,MUSP,CHER,883,643,NA,NA,NA,NA,NA,NA,NA,0,NA,0,NA,-80 at 11:04
20230829,10:20,NA,39,B7_Py82,pycnopodia_helianthoides,4,MUSP,CHER,884,644,NA,NA,NA,NA,NA,NA,NA,0,NA,0,NA,-80 at 11:04
20230829,10:21,NA,39,B7_FHPy43,pycnopodia_helianthoides,4,MUSP,CHER,885,645,NA,NA,NA,NA,NA,NA,NA,0,NA,0,NA,-80 at 11:04
20230829,10:28,NA,39,B15_D109,dermasterias_imbricata,4,MUSP,CHHK,886,646,NA,NA,NA,NA,NA,NA,NA,0,NA,0,NA,-80 at 11:04
20230829,10:33,NA,39,B15_Pi117,pisaster_ochraceus,4,MUSP,CHHK,887,647,NA,NA,NA,NA,NA,NA,NA,0,NA,0,NA,patchy at sampling arm very soft/squishy; -80 at 11:04
20230829,10:35,NA,39,B15_Py93,pycnopodia_helianthoides,4,MUSP,CHHK,888,648,NA,NA,NA,NA,NA,NA,NA,0,NA,0,NA,-80 at 11:04
20230829,10:40,NA,39,B15_FHPy48,pycnopodia_helianthoides,4,MUSP,CHHK,889,649,NA,NA,NA,NA,NA,NA,NA,0,NA,0,NA,-80 at 11:04
20230901,12:09,NA,42,B1_D105,dermasterias_imbricata,4,MUSP,CHER,890,650,NA,NA,NA,NA,NA,NA,NA,0,NA,0,NA,"possibly spun 2x (e.g., 10 min)"
20230901,12:15,NA,42,B2_D104,dermasterias_imbricata,4,MUSP,CHER,891,651,NA,NA,NA,NA,NA,NA,NA,0,NA,0,NA,"possibly spun 2x (e.g., 10 min)"
20230901,12:19,NA,42,B3_D100,dermasterias_imbricata,4,MUSP,CHER,892,652,NA,NA,NA,NA,NA,NA,NA,0,NA,0,NA,"possibly spun 2x (e.g., 10 min)"
20230901,12:21,NA,42,B3_Pi131,pisaster_ochraceus,4,MUSP,CHER,893,653,NA,NA,NA,NA,NA,NA,NA,0,NA,0,NA,"possibly spun 2x (e.g., 10 min)"
20230901,12:23,NA,42,B4_D106,dermasterias_imbricata,4,MUSP,CHER,894,654,NA,NA,NA,NA,NA,NA,NA,0,NA,0,NA,"possibly spun 2x (e.g., 10 min)"
20230901,12:27,NA,42,B5_D99,dermasterias_imbricata,4,MUSP,CHER,895,655,NA,NA,NA,NA,NA,NA,NA,0,NA,0,NA,"possibly spun 2x (e.g., 10 min)"
20230901,12:30,NA,42,B5_Pi116,pisaster_ochraceus,4,MUSP,CHER,896,656,NA,NA,NA,NA,NA,NA,NA,0,NA,0,NA,"possibly spun 2x (e.g., 10 min)"
20230901,12:37,NA,42,B6_D101,dermasterias_imbricata,4,MUSP,CHER,897,657,NA,NA,NA,NA,NA,NA,NA,0,NA,0,NA,"possibly spun 2x (e.g., 10 min)"
20230901,12:44,NA,42,B7_D97,dermasterias_imbricata,4,MUSP,CHER,898,658,NA,NA,NA,NA,NA,NA,NA,0,NA,0,NA,"possibly spun 2x (e.g., 10 min)"
20230901,12:45,NA,42,B7_Pi122,pisaster_ochraceus,4,MUSP,CHER,899,659,NA,NA,NA,NA,NA,NA,NA,0,NA,0,NA,"possibly spun 2x (e.g., 10 min)"
20230901,12:46,NA,42,B7_Py82,pycnopodia_helianthoides,4,MUSP,CHER,900,660,NA,NA,NA,NA,NA,NA,NA,0,NA,0,NA,"possibly spun 2x (e.g., 10 min)"
20230901,12:48,NA,42,B7_FHPy43,pycnopodia_helianthoides,4,MUSP,CHER,901,661,NA,NA,NA,NA,NA,NA,NA,0,NA,0,NA,"possibly spun 2x (e.g., 10 min)"
20230901,12:55,NA,42,B8_D111,dermasterias_imbricata,4,MUSP,CHER,902,662,NA,NA,NA,NA,NA,NA,NA,0,NA,0,NA,"possibly spun 2x (e.g., 10 min)"
20230901,12:10,NA,42,B9_D107,dermasterias_imbricata,4,MUSP,CHHK,903,663,NA,NA,NA,NA,NA,NA,NA,0,NA,0,NA,
20230901,12:17,NA,42,B10_D113,dermasterias_imbricata,4,MUSP,CHHK,904,664,NA,NA,NA,NA,NA,NA,NA,0,NA,0,NA,
20230901,12:22,NA,42,B11_D114,dermasterias_imbricata,4,MUSP,CHHK,905,665,NA,NA,NA,NA,NA,NA,NA,0,NA,0,NA,
20230901,12:27,NA,42,B11_Pi130,pisaster_ochraceus,4,MUSP,CHHK,906,666,NA,NA,NA,NA,NA,NA,NA,0,NA,0,NA,
20230901,12:34,NA,42,B12_D110,dermasterias_imbricata,4,MUSP,CHHK,907,667,NA,NA,NA,NA,NA,NA,NA,0,NA,0,NA,
20230901,12:40,NA,42,B13_D112,dermasterias_imbricata,4,MUSP,CHHK,908,668,NA,NA,NA,NA,NA,NA,NA,0,NA,0,NA,
20230901,12:42,NA,42,B13_Pi134,pisaster_ochraceus,4,MUSP,CHHK,909,669,NA,NA,NA,NA,NA,NA,NA,0,NA,0,NA,
20230901,12:47,NA,42,B14_D103,dermasterias_imbricata,4,MUSP,CHHK,910,670,NA,NA,NA,NA,NA,NA,NA,0,NA,0,NA,
20230901,12:57,NA,42,B15_D109,dermasterias_imbricata,4,MUSP,CHHK,911,671,NA,NA,NA,NA,NA,NA,NA,0,NA,0,NA,
20230901,13:00,NA,42,B15_Pi117,pisaster_ochraceus,4,MUSP,CHHK,912,672,NA,NA,NA,NA,NA,NA,NA,0,NA,0,NA,
20230901,13:05,NA,42,B15_Py93,pycnopodia_helianthoides,4,MUSP,CHHK,913,673,NA,NA,NA,NA,NA,NA,NA,0,NA,0,NA,
20230901,13:09,NA,42,B15_FHPy48,pycnopodia_helianthoides,4,MUSP,CHHK,914,674,NA,NA,NA,NA,NA,NA,NA,0,NA,0,NA,
20230901,13:15,NA,42,B16_D98,dermasterias_imbricata,4,MUSP,CHHK,915,675,NA,NA,NA,NA,NA,NA,NA,0,NA,0,NA,
20230907,8:35,NA,48,B3_D100,dermasterias_imbricata,4,MUSP,CHER,916,676,NA,NA,NA,NA,NA,NA,NA,0,NA,0,NA,
20230907,8:40,NA,48,B3_Pi131,pisaster_ochraceus,4,MUSP,CHER,917,677,NA,NA,NA,NA,NA,NA,NA,0,NA,1,lesion,
20230907,8:38,NA,48,B11_D114,dermasterias_imbricata,4,MUSP,CHHK,918,678,NA,NA,NA,NA,NA,NA,NA,0,NA,0,NA,
20230907,8:40,NA,48,B11_Pi130,pisaster_ochraceus,4,MUSP,CHHK,919,679,NA,NA,NA,NA,NA,NA,NA,0,NA,0,NA,
20230907,8:42,NA,48,B5_D99,dermasterias_imbricata,4,MUSP,CHER,920,680,NA,NA,NA,NA,NA,NA,NA,0,NA,0,NA,
20230907,8:45,NA,48,B5_Pi116,pisaster_ochraceus,4,MUSP,CHER,921,681,NA,NA,NA,NA,NA,NA,NA,0,NA,0,NA,
20230907,8:44,NA,48,B13_D112,dermasterias_imbricata,4,MUSP,CHHK,922,682,NA,NA,NA,NA,NA,NA,NA,0,NA,0,NA,
20230907,8:45,NA,48,B13_Pi134,pisaster_ochraceus,4,MUSP,CHHK,923,683,NA,NA,NA,NA,NA,NA,NA,0,NA,0,NA,
20230907,8:48,NA,48,B7_D97,dermasterias_imbricata,4,MUSP,CHER,924,684,NA,NA,NA,NA,NA,NA,NA,0,NA,0,NA,
20230907,8:50,NA,48,B7_Pi122,pisaster_ochraceus,4,MUSP,CHER,925,685,NA,NA,NA,NA,NA,NA,NA,0,NA,0,NA,
20230907,8:53,NA,48,B7_Py82,pycnopodia_helianthoides,4,MUSP,CHER,926,686,NA,NA,NA,NA,NA,NA,NA,0,NA,0,NA,
20230907,8:55,NA,48,B7_FHPy43,pycnopodia_helianthoides,4,MUSP,CHER,927,687,NA,NA,NA,NA,NA,NA,NA,0,NA,0,NA,
20230907,8:51,NA,48,B15_D109,dermasterias_imbricata,4,MUSP,CHHK,928,688,NA,NA,NA,NA,NA,NA,NA,0,NA,0,NA,
20230907,8:55,NA,48,B15_Pi117,pisaster_ochraceus,4,MUSP,CHHK,929,689,NA,NA,NA,NA,NA,NA,NA,0,NA,0,NA,
20230907,9:00,NA,48,B15_Py93,pycnopodia_helianthoides,4,MUSP,CHHK,930,690,NA,NA,NA,NA,NA,NA,NA,0,NA,0,NA,"PSCS written in log as 670, but it's 690"
20230907,9:03,NA,48,B15_FHPy48,pycnopodia_helianthoides,4,MUSP,CHHK,931,691,NA,NA,NA,NA,NA,NA,NA,0,NA,0,NA,"PSCS written in log as 671, but it's 691"
20230913,11:58,NA,54,B3_D100,dermasterias_imbricata,4,MUSP,CHER,932,691,NA,NA,NA,NA,NA,NA,NA,0,NA,0,NA,
20230913,12:00,NA,54,B3_Pi131,pisaster_ochraceus,4,MUSP,CHER,933,693,NA,NA,NA,NA,NA,NA,NA,0,NA,0,NA,
20230913,12:05,NA,54,B5_D99,dermasterias_imbricata,4,MUSP,CHER,934,694,NA,NA,NA,NA,NA,NA,NA,0,NA,0,NA,
20230913,12:06,NA,54,B5_Pi116,pisaster_ochraceus,4,MUSP,CHER,935,695,NA,NA,NA,NA,NA,NA,NA,0,NA,0,NA,
20230913,12:14,NA,54,B7_D97,dermasterias_imbricata,4,MUSP,CHER,936,696,NA,NA,NA,NA,NA,NA,NA,0,NA,0,NA,
20230913,12:15,NA,54,B7_Pi122,pisaster_ochraceus,4,MUSP,CHER,937,697,NA,NA,NA,NA,NA,NA,NA,0,NA,0,NA,
20230913,12:18,NA,54,B7_Py82,pycnopodia_helianthoides,4,MUSP,CHER,938,698,NA,NA,NA,NA,NA,NA,NA,0,NA,0,NA,
20230913,12:19,NA,54,B7_FHPy43,pycnopodia_helianthoides,4,MUSP,CHER,939,699,NA,NA,NA,NA,NA,NA,NA,0,NA,0,NA,
20230913,10:30,NA,54,B11_D114,dermasterias_imbricata,4,MUSP,CHHK,940,700,NA,NA,NA,NA,NA,NA,NA,0,NA,0,NA,-80 by 11:10
20230913,10:32,NA,54,B11_Pi130,pisaster_ochraceus,4,MUSP,CHHK,941,701,NA,NA,NA,NA,NA,NA,NA,0,NA,0,NA,-80 by 11:10
20230913,10:37,NA,54,B13_D112,dermasterias_imbricata,4,MUSP,CHHK,942,702,NA,NA,NA,NA,NA,NA,NA,0,NA,0,NA,-80 by 11:10
20230913,10:39,NA,54,B13_Pi134,pisaster_ochraceus,4,MUSP,CHHK,943,703,NA,NA,NA,NA,NA,NA,NA,0,NA,0,NA,-80 by 11:10
20230913,10:51,NA,54,B15_D109,dermasterias_imbricata,4,MUSP,CHHK,944,704,NA,NA,NA,NA,NA,NA,NA,0,NA,0,NA,-80 by 11:10
20230913,10:53,NA,54,B15_Pi117,pisaster_ochraceus,4,MUSP,CHHK,945,705,NA,NA,NA,NA,NA,NA,NA,0,NA,0,NA,-80 by 11:10
20230913,10:54,NA,54,B15_Py93,pycnopodia_helianthoides,4,MUSP,CHHK,946,706,NA,NA,NA,NA,NA,NA,NA,0,NA,0,NA,-80 by 11:10
20230913,10:56,NA,54,B15_FHPy48,pycnopodia_helianthoides,4,MUSP,CHHK,947,707,NA,NA,NA,NA,NA,NA,NA,0,NA,0,NA,-80 by 11:10
20230917,13:43,NA,58,B9_D107,dermasterias_imbricata,4,MUSP,CHHK,948,708,NA,NA,NA,NA,NA,NA,NA,0,NA,0,NA,
20230917,13:45,NA,58,B9_Pi124,pisaster_ochraceus,4,MUSP,CHHK,949,709,NA,NA,NA,NA,NA,NA,NA,0,NA,0,NA,
20230917,13:46,NA,58,B9_Py92,pycnopodia_helianthoides,4,MUSP,CHHK,950,710,NA,NA,NA,NA,NA,NA,NA,0,NA,0,NA,
20230917,13:47,NA,58,B9_FHPy79,pycnopodia_helianthoides,4,MUSP,CHHK,951,711,NA,NA,NA,NA,NA,NA,NA,0,NA,0,NA,
20230917,13:54,NA,58,B10_D113,dermasterias_imbricata,4,MUSP,CHHK,952,712,NA,NA,NA,NA,NA,NA,NA,0,NA,0,NA,
20230917,13:55,NA,58,B10_Pi127,pisaster_ochraceus,4,MUSP,CHHK,953,713,NA,NA,NA,NA,NA,NA,NA,0,NA,0,NA,
20230917,13:57,NA,58,B10_Py86,pycnopodia_helianthoides,4,MUSP,CHHK,954,714,NA,NA,NA,NA,NA,NA,NA,0,NA,0,NA,
20230917,13:59,NA,58,B10_FHPy73,pycnopodia_helianthoides,4,MUSP,CHHK,955,715,NA,NA,NA,NA,NA,NA,NA,0,NA,0,NA,
20230917,14:11,NA,58,B11_D114,dermasterias_imbricata,4,MUSP,CHHK,956,716,NA,NA,NA,NA,NA,NA,NA,0,NA,0,NA,
20230917,14:12,NA,58,B11_Pi130,pisaster_ochraceus,4,MUSP,CHHK,957,717,NA,NA,NA,NA,NA,NA,NA,0,NA,0,NA,
20230917,14:13,NA,58,B11_Py81,pycnopodia_helianthoides,4,MUSP,CHHK,958,718,NA,NA,NA,NA,NA,NA,NA,0,NA,0,NA,
20230917,14:15,NA,58,B11_FHPy65,pycnopodia_helianthoides,4,MUSP,CHHK,959,719,NA,NA,NA,NA,NA,NA,NA,0,NA,0,NA,
20230917,14:20,NA,58,B12_D110,dermasterias_imbricata,4,MUSP,CHHK,960,720,NA,NA,NA,NA,NA,NA,NA,0,NA,0,NA,
20230917,14:23,NA,58,B12_Pi132,pisaster_ochraceus,4,MUSP,CHHK,961,721,NA,NA,NA,NA,NA,NA,NA,0,NA,0,NA,
20230917,14:26,NA,58,B12_Py85,pycnopodia_helianthoides,4,MUSP,CHHK,962,722,NA,NA,NA,NA,NA,NA,NA,0,NA,0,NA,
20230917,14:27,NA,58,B12_FHPy57,pycnopodia_helianthoides,4,MUSP,CHHK,963,723,NA,NA,NA,NA,NA,NA,NA,0,NA,0,NA,
20230917,14:22,NA,58,B13_D112,dermasterias_imbricata,4,MUSP,CHHK,964,724,NA,NA,NA,NA,NA,NA,NA,0,NA,0,NA,
20230917,14:23,NA,58,B13_Pi134,pisaster_ochraceus,4,MUSP,CHHK,965,725,NA,NA,NA,NA,NA,NA,NA,0,NA,0,NA,
20230917,14:26,NA,58,B13_Py90,pycnopodia_helianthoides,4,MUSP,CHHK,966,726,NA,NA,NA,NA,NA,NA,NA,0,NA,0,NA,
20230917,14:27,NA,58,B13_FHPy75,pycnopodia_helianthoides,4,MUSP,CHHK,967,727,NA,NA,NA,NA,NA,NA,NA,0,NA,0,NA,
20230917,14:12,NA,58,B14_D103,dermasterias_imbricata,4,MUSP,CHHK,968,728,NA,NA,NA,NA,NA,NA,NA,0,NA,0,NA,
20230917,14:13,NA,58,B14_Pi123,pisaster_ochraceus,4,MUSP,CHHK,969,729,NA,NA,NA,NA,NA,NA,NA,0,NA,0,NA,
20230917,14:14,NA,58,B14_Py94,pycnopodia_helianthoides,4,MUSP,CHHK,970,730,NA,NA,NA,NA,NA,NA,NA,0,NA,0,NA,
20230917,14:15,NA,58,B14_FHPy47,pycnopodia_helianthoides,4,MUSP,CHHK,971,731,NA,NA,NA,NA,NA,NA,NA,0,NA,0,NA,
20230917,13:54,NA,58,B15_D109,dermasterias_imbricata,4,MUSP,CHHK,972,732,NA,NA,NA,NA,NA,NA,NA,0,NA,0,NA,
20230917,13:55,NA,58,B15_Pi117,pisaster_ochraceus,4,MUSP,CHHK,973,733,NA,NA,NA,NA,NA,NA,NA,0,NA,0,NA,
20230917,13:57,NA,58,B15_Py93,pycnopodia_helianthoides,4,MUSP,CHHK,974,734,NA,NA,NA,NA,NA,NA,NA,0,NA,0,NA,
20230917,13:59,NA,58,B15_FHPy48,pycnopodia_helianthoides,4,MUSP,CHHK,975,735,NA,NA,NA,NA,NA,NA,NA,0,NA,0,NA,
20230917,13:43,NA,58,B16_D98,dermasterias_imbricata,4,MUSP,CHHK,976,736,NA,NA,NA,NA,NA,NA,NA,0,NA,0,NA,
20230917,13:45,NA,58,B16_Pi126,pisaster_ochraceus,4,MUSP,CHHK,977,737,NA,NA,NA,NA,NA,NA,NA,0,NA,0,NA,
20230917,13:46,NA,58,B16_Py95,pycnopodia_helianthoides,4,MUSP,CHHK,978,738,NA,NA,NA,NA,NA,NA,NA,0,NA,0,NA,
20230917,13:47,NA,58,B16_FHPy55,pycnopodia_helianthoides,4,MUSP,CHHK,979,739,NA,NA,NA,NA,NA,NA,NA,0,NA,0,NA,
20230917,14:35,NA,58,B1_D105,dermasterias_imbricata,4,MUSP,CHER,980,740,NA,NA,NA,NA,NA,NA,NA,0,NA,0,NA,
20230917,14:42,NA,58,B2_D104,dermasterias_imbricata,4,MUSP,CHER,981,741,NA,NA,NA,NA,NA,NA,NA,0,NA,0,NA,
20230917,14:47,NA,58,B3_D100,dermasterias_imbricata,4,MUSP,CHER,982,742,NA,NA,NA,NA,NA,NA,NA,0,NA,0,NA,
20230917,14:48,NA,58,B3_Pi131,pisaster_ochraceus,4,MUSP,CHER,983,743,NA,NA,NA,NA,NA,NA,NA,0,NA,0,NA,
20230917,14:54,NA,58,B4_D106,dermasterias_imbricata,4,MUSP,CHER,984,744,NA,NA,NA,NA,NA,NA,NA,0,NA,0,NA,
20230917,14:59,NA,58,B5_D99,dermasterias_imbricata,4,MUSP,CHER,985,745,NA,NA,NA,NA,NA,NA,NA,0,NA,0,NA,
20230917,15:00,NA,58,B5_Pi116,pisaster_ochraceus,4,MUSP,CHER,986,746,NA,NA,NA,NA,NA,NA,NA,0,NA,0,NA,
20230917,14:54,NA,58,B6_D101,dermasterias_imbricata,4,MUSP,CHER,987,747,NA,NA,NA,NA,NA,NA,NA,0,NA,0,NA,
20230917,14:41,NA,58,B7_D97,dermasterias_imbricata,4,MUSP,CHER,988,748,NA,NA,NA,NA,NA,NA,NA,0,NA,0,NA,
20230917,14:45,NA,58,B7_Pi122,pisaster_ochraceus,4,MUSP,CHER,989,749,NA,NA,NA,NA,NA,NA,NA,0,NA,0,NA,
20230917,14:47,NA,58,B7_Py82,pycnopodia_helianthoides,4,MUSP,CHER,990,750,NA,NA,NA,NA,NA,NA,NA,0,NA,0,NA,
20230917,14:53,NA,58,B7_FHPy43,pycnopodia_helianthoides,4,MUSP,CHER,991,751,NA,NA,NA,NA,NA,NA,NA,0,NA,0,NA,
20230917,13:35,NA,58,B8_D111,dermasterias_imbricata,4,MUSP,CHER,992,752,NA,NA,NA,NA,NA,NA,NA,0,NA,0,NA,